name,owner,url,stars,age,primary_language,total_releases,index
JavaGuide,Snailclimb,git@github.com:Snailclimb/JavaGuide.git,142029,5,{'name': 'Java'},,1
GitHub-Chinese-Top-Charts,GrowingGit,git@github.com:GrowingGit/GitHub-Chinese-Top-Charts.git,86694,4,{'name': 'Java'},,2
java-design-patterns,iluwatar,git@github.com:iluwatar/java-design-patterns.git,86133,9,{'name': 'Java'},,3
LeetCodeAnimation,MisterBooo,git@github.com:MisterBooo/LeetCodeAnimation.git,74856,5,{'name': 'Java'},,4
mall,macrozheng,git@github.com:macrozheng/mall.git,74843,5,{'name': 'Java'},3.0,5
advanced-java,doocs,git@github.com:doocs/advanced-java.git,73880,5,{'name': 'Java'},1.0,6
spring-boot,spring-projects,git@github.com:spring-projects/spring-boot.git,72280,11,{'name': 'Java'},269.0,7
hello-algo,krahets,git@github.com:krahets/hello-algo.git,71994,1,{'name': 'Java'},7.0,8
elasticsearch,elastic,git@github.com:elastic/elasticsearch.git,67155,14,{'name': 'Java'},138.0,9
interviews,kdn251,git@github.com:kdn251/interviews.git,61415,7,{'name': 'Java'},,10
Java,TheAlgorithms,git@github.com:TheAlgorithms/Java.git,56297,7,{'name': 'Java'},,11
spring-framework,spring-projects,git@github.com:spring-projects/spring-framework.git,54805,13,{'name': 'Java'},285.0,12
guava,google,git@github.com:google/guava.git,49237,9,{'name': 'Java'},43.0,13
RxJava,ReactiveX,git@github.com:ReactiveX/RxJava.git,47589,11,{'name': 'Java'},233.0,14
ghidra,NationalSecurityAgency,git@github.com:NationalSecurityAgency/ghidra.git,46922,5,{'name': 'Java'},33.0,15
dubbo,apache,git@github.com:apache/dubbo.git,39918,11,{'name': 'Java'},95.0,16
jadx,skylot,git@github.com:skylot/jadx.git,38561,11,{'name': 'Java'},28.0,17
jeecg-boot,jeecgboot,git@github.com:jeecgboot/jeecg-boot.git,37420,5,{'name': 'Java'},37.0,18
MPAndroidChart,PhilJay,git@github.com:PhilJay/MPAndroidChart.git,37184,9,{'name': 'Java'},44.0,19
dbeaver,dbeaver,git@github.com:dbeaver/dbeaver.git,36960,8,{'name': 'Java'},196.0,20
tutorials,eugenp,git@github.com:eugenp/tutorials.git,35814,10,{'name': 'Java'},,21
hello-algorithm,geekxh,git@github.com:geekxh/hello-algorithm.git,34619,3,{'name': 'Java'},,22
lottie-android,airbnb,git@github.com:airbnb/lottie-android.git,34612,7,{'name': 'Java'},49.0,23
arthas,alibaba,git@github.com:alibaba/arthas.git,34489,5,{'name': 'Java'},52.0,24
glide,bumptech,git@github.com:bumptech/glide.git,34286,10,{'name': 'Java'},47.0,25
AndroidUtilCode,Blankj,git@github.com:Blankj/AndroidUtilCode.git,32866,7,{'name': 'Java'},117.0,26
netty,netty,git@github.com:netty/netty.git,32624,13,{'name': 'Java'},,27
zxing,zxing,git@github.com:zxing/zxing.git,32124,12,{'name': 'Java'},31.0,28
spring-boot-demo,xkcoding,git@github.com:xkcoding/spring-boot-demo.git,31810,6,{'name': 'Java'},,29
halo,halo-dev,git@github.com:halo-dev/halo.git,31030,6,{'name': 'Java'},160.0,30
easyexcel,alibaba,git@github.com:alibaba/easyexcel.git,30707,6,{'name': 'Java'},10.0,31
termux-app,termux,git@github.com:termux/termux-app.git,29919,8,{'name': 'Java'},89.0,32
spring-boot-examples,ityouknow,git@github.com:ityouknow/spring-boot-examples.git,29849,7,{'name': 'Java'},,33
selenium,SeleniumHQ,git@github.com:SeleniumHQ/selenium.git,29085,11,{'name': 'Java'},91.0,34
nacos,alibaba,git@github.com:alibaba/nacos.git,28819,5,{'name': 'Java'},62.0,35
apollo,apolloconfig,git@github.com:apolloconfig/apollo.git,28719,8,{'name': 'Java'},39.0,36
leetcode,doocs,git@github.com:doocs/leetcode.git,28433,5,{'name': 'Java'},19.0,37
NewPipe,TeamNewPipe,git@github.com:TeamNewPipe/NewPipe.git,28176,8,{'name': 'Java'},128.0,38
hutool,dromara,git@github.com:dromara/hutool.git,28144,9,{'name': 'Java'},139.0,39
SpringAll,wuyouzhuguli,git@github.com:wuyouzhuguli/SpringAll.git,27668,5,{'name': 'Java'},,40
druid,alibaba,git@github.com:alibaba/druid.git,27586,12,{'name': 'Java'},50.0,41
canal,alibaba,git@github.com:alibaba/canal.git,27572,11,{'name': 'Java'},29.0,42
spring-cloud-alibaba,alibaba,git@github.com:alibaba/spring-cloud-alibaba.git,27139,6,{'name': 'Java'},38.0,43
kafka,apache,git@github.com:apache/kafka.git,27086,12,{'name': 'Java'},,44
JCSprout,crossoverJie,git@github.com:crossoverJie/JCSprout.git,27073,6,{'name': 'Java'},,45
vhr,lenve,git@github.com:lenve/vhr.git,26885,6,{'name': 'Java'},,46
xxl-job,xuxueli,git@github.com:xuxueli/xxl-job.git,26298,8,{'name': 'Java'},32.0,47
miaosha,qiurunze123,git@github.com:qiurunze123/miaosha.git,26028,5,{'name': 'Java'},,48
fastjson,alibaba,git@github.com:alibaba/fastjson.git,25603,12,{'name': 'Java'},84.0,49
butterknife,JakeWharton,git@github.com:JakeWharton/butterknife.git,25580,11,{'name': 'Java'},,50
toBeTopJavaer,hollischuang,git@github.com:hollischuang/toBeTopJavaer.git,25130,5,{'name': 'Java'},,51
proxyee-down,proxyee-down-org,git@github.com:proxyee-down-org/proxyee-down.git,24985,6,{'name': 'Java'},49.0,52
incubator-seata,apache,git@github.com:apache/incubator-seata.git,24866,5,{'name': 'Java'},39.0,53
Signal-Android,signalapp,git@github.com:signalapp/Signal-Android.git,24795,12,{'name': 'Java'},,54
SmartRefreshLayout,scwang90,git@github.com:scwang90/SmartRefreshLayout.git,24643,6,{'name': 'Java'},12.0,55
EventBus,greenrobot,git@github.com:greenrobot/EventBus.git,24565,11,{'name': 'Java'},7.0,56
Hystrix,Netflix,git@github.com:Netflix/Hystrix.git,23842,11,{'name': 'Java'},79.0,57
Telegram,DrKLO,git@github.com:DrKLO/Telegram.git,23555,10,{'name': 'Java'},89.0,58
ruoyi-vue-pro,YunaiV,git@github.com:YunaiV/ruoyi-vue-pro.git,23222,3,{'name': 'Java'},24.0,59
skywalking,apache,git@github.com:apache/skywalking.git,23115,8,{'name': 'Java'},58.0,60
flink,apache,git@github.com:apache/flink.git,23015,9,{'name': 'Java'},,61
gson,google,git@github.com:google/gson.git,22893,9,{'name': 'Java'},6.0,62
libgdx,libgdx,git@github.com:libgdx/libgdx.git,22596,11,{'name': 'Java'},11.0,63
redisson,redisson,git@github.com:redisson/redisson.git,22562,10,{'name': 'Java'},144.0,64
jenkins,jenkinsci,git@github.com:jenkinsci/jenkins.git,22245,13,{'name': 'Java'},327.0,65
bazel,bazelbuild,git@github.com:bazelbuild/bazel.git,22184,9,{'name': 'Java'},137.0,66
Sentinel,alibaba,git@github.com:alibaba/Sentinel.git,21868,5,{'name': 'Java'},24.0,67
ExoPlayer,google,git@github.com:google/ExoPlayer.git,21417,9,{'name': 'Java'},28.0,68
Mindustry,Anuken,git@github.com:Anuken/Mindustry.git,20844,6,{'name': 'Java'},160.0,69
eladmin,elunez,git@github.com:elunez/eladmin.git,20705,5,{'name': 'Java'},1.0,70
rocketmq,apache,git@github.com:apache/rocketmq.git,20418,7,{'name': 'Java'},18.0,71
FizzBuzzEnterpriseEdition,EnterpriseQualityCoding,git@github.com:EnterpriseQualityCoding/FizzBuzzEnterpriseEdition.git,20356,11,{'name': 'Java'},,72
JavaGuide,Snailclimb,git@github.com:Snailclimb/JavaGuide.git,142029,5,{'name': 'Java'},,73
GitHub-Chinese-Top-Charts,GrowingGit,git@github.com:GrowingGit/GitHub-Chinese-Top-Charts.git,86694,4,{'name': 'Java'},,74
java-design-patterns,iluwatar,git@github.com:iluwatar/java-design-patterns.git,86133,9,{'name': 'Java'},,75
LeetCodeAnimation,MisterBooo,git@github.com:MisterBooo/LeetCodeAnimation.git,74856,5,{'name': 'Java'},,76
mall,macrozheng,git@github.com:macrozheng/mall.git,74843,5,{'name': 'Java'},3.0,77
advanced-java,doocs,git@github.com:doocs/advanced-java.git,73880,5,{'name': 'Java'},1.0,78
spring-boot,spring-projects,git@github.com:spring-projects/spring-boot.git,72280,11,{'name': 'Java'},269.0,79
hello-algo,krahets,git@github.com:krahets/hello-algo.git,71994,1,{'name': 'Java'},7.0,80
elasticsearch,elastic,git@github.com:elastic/elasticsearch.git,67155,14,{'name': 'Java'},138.0,81
interviews,kdn251,git@github.com:kdn251/interviews.git,61415,7,{'name': 'Java'},,82
Java,TheAlgorithms,git@github.com:TheAlgorithms/Java.git,56297,7,{'name': 'Java'},,83
spring-framework,spring-projects,git@github.com:spring-projects/spring-framework.git,54805,13,{'name': 'Java'},285.0,84
guava,google,git@github.com:google/guava.git,49237,9,{'name': 'Java'},43.0,85
RxJava,ReactiveX,git@github.com:ReactiveX/RxJava.git,47589,11,{'name': 'Java'},233.0,86
ghidra,NationalSecurityAgency,git@github.com:NationalSecurityAgency/ghidra.git,46922,5,{'name': 'Java'},33.0,87
dubbo,apache,git@github.com:apache/dubbo.git,39918,11,{'name': 'Java'},95.0,88
jadx,skylot,git@github.com:skylot/jadx.git,38561,11,{'name': 'Java'},28.0,89
jeecg-boot,jeecgboot,git@github.com:jeecgboot/jeecg-boot.git,37420,5,{'name': 'Java'},37.0,90
MPAndroidChart,PhilJay,git@github.com:PhilJay/MPAndroidChart.git,37184,9,{'name': 'Java'},44.0,91
dbeaver,dbeaver,git@github.com:dbeaver/dbeaver.git,36960,8,{'name': 'Java'},196.0,92
tutorials,eugenp,git@github.com:eugenp/tutorials.git,35814,10,{'name': 'Java'},,93
hello-algorithm,geekxh,git@github.com:geekxh/hello-algorithm.git,34619,3,{'name': 'Java'},,94
lottie-android,airbnb,git@github.com:airbnb/lottie-android.git,34612,7,{'name': 'Java'},49.0,95
arthas,alibaba,git@github.com:alibaba/arthas.git,34489,5,{'name': 'Java'},52.0,96
glide,bumptech,git@github.com:bumptech/glide.git,34286,10,{'name': 'Java'},47.0,97
AndroidUtilCode,Blankj,git@github.com:Blankj/AndroidUtilCode.git,32866,7,{'name': 'Java'},117.0,98
netty,netty,git@github.com:netty/netty.git,32624,13,{'name': 'Java'},,99
zxing,zxing,git@github.com:zxing/zxing.git,32124,12,{'name': 'Java'},31.0,100
spring-boot-demo,xkcoding,git@github.com:xkcoding/spring-boot-demo.git,31810,6,{'name': 'Java'},,101
halo,halo-dev,git@github.com:halo-dev/halo.git,31030,6,{'name': 'Java'},160.0,102
easyexcel,alibaba,git@github.com:alibaba/easyexcel.git,30707,6,{'name': 'Java'},10.0,103
termux-app,termux,git@github.com:termux/termux-app.git,29919,8,{'name': 'Java'},89.0,104
spring-boot-examples,ityouknow,git@github.com:ityouknow/spring-boot-examples.git,29849,7,{'name': 'Java'},,105
selenium,SeleniumHQ,git@github.com:SeleniumHQ/selenium.git,29085,11,{'name': 'Java'},91.0,106
nacos,alibaba,git@github.com:alibaba/nacos.git,28819,5,{'name': 'Java'},62.0,107
apollo,apolloconfig,git@github.com:apolloconfig/apollo.git,28719,8,{'name': 'Java'},39.0,108
leetcode,doocs,git@github.com:doocs/leetcode.git,28433,5,{'name': 'Java'},19.0,109
NewPipe,TeamNewPipe,git@github.com:TeamNewPipe/NewPipe.git,28176,8,{'name': 'Java'},128.0,110
hutool,dromara,git@github.com:dromara/hutool.git,28144,9,{'name': 'Java'},139.0,111
SpringAll,wuyouzhuguli,git@github.com:wuyouzhuguli/SpringAll.git,27668,5,{'name': 'Java'},,112
druid,alibaba,git@github.com:alibaba/druid.git,27586,12,{'name': 'Java'},50.0,113
canal,alibaba,git@github.com:alibaba/canal.git,27572,11,{'name': 'Java'},29.0,114
spring-cloud-alibaba,alibaba,git@github.com:alibaba/spring-cloud-alibaba.git,27139,6,{'name': 'Java'},38.0,115
kafka,apache,git@github.com:apache/kafka.git,27086,12,{'name': 'Java'},,116
JCSprout,crossoverJie,git@github.com:crossoverJie/JCSprout.git,27073,6,{'name': 'Java'},,117
vhr,lenve,git@github.com:lenve/vhr.git,26885,6,{'name': 'Java'},,118
xxl-job,xuxueli,git@github.com:xuxueli/xxl-job.git,26298,8,{'name': 'Java'},32.0,119
miaosha,qiurunze123,git@github.com:qiurunze123/miaosha.git,26028,5,{'name': 'Java'},,120
fastjson,alibaba,git@github.com:alibaba/fastjson.git,25603,12,{'name': 'Java'},84.0,121
butterknife,JakeWharton,git@github.com:JakeWharton/butterknife.git,25580,11,{'name': 'Java'},,122
toBeTopJavaer,hollischuang,git@github.com:hollischuang/toBeTopJavaer.git,25130,5,{'name': 'Java'},,123
proxyee-down,proxyee-down-org,git@github.com:proxyee-down-org/proxyee-down.git,24985,6,{'name': 'Java'},49.0,124
incubator-seata,apache,git@github.com:apache/incubator-seata.git,24866,5,{'name': 'Java'},39.0,125
Signal-Android,signalapp,git@github.com:signalapp/Signal-Android.git,24795,12,{'name': 'Java'},,126
SmartRefreshLayout,scwang90,git@github.com:scwang90/SmartRefreshLayout.git,24643,6,{'name': 'Java'},12.0,127
EventBus,greenrobot,git@github.com:greenrobot/EventBus.git,24565,11,{'name': 'Java'},7.0,128
Hystrix,Netflix,git@github.com:Netflix/Hystrix.git,23842,11,{'name': 'Java'},79.0,129
Telegram,DrKLO,git@github.com:DrKLO/Telegram.git,23555,10,{'name': 'Java'},89.0,130
ruoyi-vue-pro,YunaiV,git@github.com:YunaiV/ruoyi-vue-pro.git,23222,3,{'name': 'Java'},24.0,131
skywalking,apache,git@github.com:apache/skywalking.git,23115,8,{'name': 'Java'},58.0,132
flink,apache,git@github.com:apache/flink.git,23015,9,{'name': 'Java'},,133
gson,google,git@github.com:google/gson.git,22893,9,{'name': 'Java'},6.0,134
libgdx,libgdx,git@github.com:libgdx/libgdx.git,22596,11,{'name': 'Java'},11.0,135
redisson,redisson,git@github.com:redisson/redisson.git,22562,10,{'name': 'Java'},144.0,136
jenkins,jenkinsci,git@github.com:jenkinsci/jenkins.git,22245,13,{'name': 'Java'},327.0,137
bazel,bazelbuild,git@github.com:bazelbuild/bazel.git,22184,9,{'name': 'Java'},137.0,138
Sentinel,alibaba,git@github.com:alibaba/Sentinel.git,21868,5,{'name': 'Java'},24.0,139
ExoPlayer,google,git@github.com:google/ExoPlayer.git,21417,9,{'name': 'Java'},28.0,140
Mindustry,Anuken,git@github.com:Anuken/Mindustry.git,20844,6,{'name': 'Java'},160.0,141
eladmin,elunez,git@github.com:elunez/eladmin.git,20705,5,{'name': 'Java'},1.0,142
rocketmq,apache,git@github.com:apache/rocketmq.git,20418,7,{'name': 'Java'},18.0,143
FizzBuzzEnterpriseEdition,EnterpriseQualityCoding,git@github.com:EnterpriseQualityCoding/FizzBuzzEnterpriseEdition.git,20356,11,{'name': 'Java'},,144
JavaGuide,Snailclimb,git@github.com:Snailclimb/JavaGuide.git,142029,5,{'name': 'Java'},,145
GitHub-Chinese-Top-Charts,GrowingGit,git@github.com:GrowingGit/GitHub-Chinese-Top-Charts.git,86694,4,{'name': 'Java'},,146
java-design-patterns,iluwatar,git@github.com:iluwatar/java-design-patterns.git,86133,9,{'name': 'Java'},,147
LeetCodeAnimation,MisterBooo,git@github.com:MisterBooo/LeetCodeAnimation.git,74856,5,{'name': 'Java'},,148
mall,macrozheng,git@github.com:macrozheng/mall.git,74843,5,{'name': 'Java'},3.0,149
advanced-java,doocs,git@github.com:doocs/advanced-java.git,73880,5,{'name': 'Java'},1.0,150
spring-boot,spring-projects,git@github.com:spring-projects/spring-boot.git,72280,11,{'name': 'Java'},269.0,151
hello-algo,krahets,git@github.com:krahets/hello-algo.git,71994,1,{'name': 'Java'},7.0,152
elasticsearch,elastic,git@github.com:elastic/elasticsearch.git,67155,14,{'name': 'Java'},138.0,153
interviews,kdn251,git@github.com:kdn251/interviews.git,61415,7,{'name': 'Java'},,154
Java,TheAlgorithms,git@github.com:TheAlgorithms/Java.git,56297,7,{'name': 'Java'},,155
spring-framework,spring-projects,git@github.com:spring-projects/spring-framework.git,54805,13,{'name': 'Java'},285.0,156
guava,google,git@github.com:google/guava.git,49237,9,{'name': 'Java'},43.0,157
RxJava,ReactiveX,git@github.com:ReactiveX/RxJava.git,47589,11,{'name': 'Java'},233.0,158
ghidra,NationalSecurityAgency,git@github.com:NationalSecurityAgency/ghidra.git,46922,5,{'name': 'Java'},33.0,159
dubbo,apache,git@github.com:apache/dubbo.git,39918,11,{'name': 'Java'},95.0,160
jadx,skylot,git@github.com:skylot/jadx.git,38561,11,{'name': 'Java'},28.0,161
jeecg-boot,jeecgboot,git@github.com:jeecgboot/jeecg-boot.git,37420,5,{'name': 'Java'},37.0,162
MPAndroidChart,PhilJay,git@github.com:PhilJay/MPAndroidChart.git,37184,9,{'name': 'Java'},44.0,163
dbeaver,dbeaver,git@github.com:dbeaver/dbeaver.git,36960,8,{'name': 'Java'},196.0,164
tutorials,eugenp,git@github.com:eugenp/tutorials.git,35814,10,{'name': 'Java'},,165
hello-algorithm,geekxh,git@github.com:geekxh/hello-algorithm.git,34619,3,{'name': 'Java'},,166
lottie-android,airbnb,git@github.com:airbnb/lottie-android.git,34612,7,{'name': 'Java'},49.0,167
arthas,alibaba,git@github.com:alibaba/arthas.git,34489,5,{'name': 'Java'},52.0,168
glide,bumptech,git@github.com:bumptech/glide.git,34286,10,{'name': 'Java'},47.0,169
AndroidUtilCode,Blankj,git@github.com:Blankj/AndroidUtilCode.git,32866,7,{'name': 'Java'},117.0,170
netty,netty,git@github.com:netty/netty.git,32624,13,{'name': 'Java'},,171
zxing,zxing,git@github.com:zxing/zxing.git,32124,12,{'name': 'Java'},31.0,172
spring-boot-demo,xkcoding,git@github.com:xkcoding/spring-boot-demo.git,31810,6,{'name': 'Java'},,173
halo,halo-dev,git@github.com:halo-dev/halo.git,31030,6,{'name': 'Java'},160.0,174
easyexcel,alibaba,git@github.com:alibaba/easyexcel.git,30707,6,{'name': 'Java'},10.0,175
termux-app,termux,git@github.com:termux/termux-app.git,29919,8,{'name': 'Java'},89.0,176
spring-boot-examples,ityouknow,git@github.com:ityouknow/spring-boot-examples.git,29849,7,{'name': 'Java'},,177
selenium,SeleniumHQ,git@github.com:SeleniumHQ/selenium.git,29085,11,{'name': 'Java'},91.0,178
nacos,alibaba,git@github.com:alibaba/nacos.git,28819,5,{'name': 'Java'},62.0,179
apollo,apolloconfig,git@github.com:apolloconfig/apollo.git,28719,8,{'name': 'Java'},39.0,180
leetcode,doocs,git@github.com:doocs/leetcode.git,28433,5,{'name': 'Java'},19.0,181
NewPipe,TeamNewPipe,git@github.com:TeamNewPipe/NewPipe.git,28176,8,{'name': 'Java'},128.0,182
hutool,dromara,git@github.com:dromara/hutool.git,28144,9,{'name': 'Java'},139.0,183
SpringAll,wuyouzhuguli,git@github.com:wuyouzhuguli/SpringAll.git,27668,5,{'name': 'Java'},,184
druid,alibaba,git@github.com:alibaba/druid.git,27586,12,{'name': 'Java'},50.0,185
canal,alibaba,git@github.com:alibaba/canal.git,27572,11,{'name': 'Java'},29.0,186
spring-cloud-alibaba,alibaba,git@github.com:alibaba/spring-cloud-alibaba.git,27139,6,{'name': 'Java'},38.0,187
kafka,apache,git@github.com:apache/kafka.git,27086,12,{'name': 'Java'},,188
JCSprout,crossoverJie,git@github.com:crossoverJie/JCSprout.git,27073,6,{'name': 'Java'},,189
vhr,lenve,git@github.com:lenve/vhr.git,26885,6,{'name': 'Java'},,190
xxl-job,xuxueli,git@github.com:xuxueli/xxl-job.git,26298,8,{'name': 'Java'},32.0,191
miaosha,qiurunze123,git@github.com:qiurunze123/miaosha.git,26028,5,{'name': 'Java'},,192
fastjson,alibaba,git@github.com:alibaba/fastjson.git,25603,12,{'name': 'Java'},84.0,193
butterknife,JakeWharton,git@github.com:JakeWharton/butterknife.git,25580,11,{'name': 'Java'},,194
toBeTopJavaer,hollischuang,git@github.com:hollischuang/toBeTopJavaer.git,25130,5,{'name': 'Java'},,195
proxyee-down,proxyee-down-org,git@github.com:proxyee-down-org/proxyee-down.git,24985,6,{'name': 'Java'},49.0,196
incubator-seata,apache,git@github.com:apache/incubator-seata.git,24866,5,{'name': 'Java'},39.0,197
Signal-Android,signalapp,git@github.com:signalapp/Signal-Android.git,24795,12,{'name': 'Java'},,198
SmartRefreshLayout,scwang90,git@github.com:scwang90/SmartRefreshLayout.git,24643,6,{'name': 'Java'},12.0,199
EventBus,greenrobot,git@github.com:greenrobot/EventBus.git,24565,11,{'name': 'Java'},7.0,200
Hystrix,Netflix,git@github.com:Netflix/Hystrix.git,23842,11,{'name': 'Java'},79.0,201
Telegram,DrKLO,git@github.com:DrKLO/Telegram.git,23555,10,{'name': 'Java'},89.0,202
ruoyi-vue-pro,YunaiV,git@github.com:YunaiV/ruoyi-vue-pro.git,23222,3,{'name': 'Java'},24.0,203
skywalking,apache,git@github.com:apache/skywalking.git,23115,8,{'name': 'Java'},58.0,204
flink,apache,git@github.com:apache/flink.git,23015,9,{'name': 'Java'},,205
gson,google,git@github.com:google/gson.git,22893,9,{'name': 'Java'},6.0,206
libgdx,libgdx,git@github.com:libgdx/libgdx.git,22596,11,{'name': 'Java'},11.0,207
redisson,redisson,git@github.com:redisson/redisson.git,22562,10,{'name': 'Java'},144.0,208
jenkins,jenkinsci,git@github.com:jenkinsci/jenkins.git,22245,13,{'name': 'Java'},327.0,209
bazel,bazelbuild,git@github.com:bazelbuild/bazel.git,22184,9,{'name': 'Java'},137.0,210
Sentinel,alibaba,git@github.com:alibaba/Sentinel.git,21868,5,{'name': 'Java'},24.0,211
ExoPlayer,google,git@github.com:google/ExoPlayer.git,21417,9,{'name': 'Java'},28.0,212
Mindustry,Anuken,git@github.com:Anuken/Mindustry.git,20844,6,{'name': 'Java'},160.0,213
eladmin,elunez,git@github.com:elunez/eladmin.git,20705,5,{'name': 'Java'},1.0,214
rocketmq,apache,git@github.com:apache/rocketmq.git,20418,7,{'name': 'Java'},18.0,215
FizzBuzzEnterpriseEdition,EnterpriseQualityCoding,git@github.com:EnterpriseQualityCoding/FizzBuzzEnterpriseEdition.git,20356,11,{'name': 'Java'},,216
JavaGuide,Snailclimb,git@github.com:Snailclimb/JavaGuide.git,142029,5,{'name': 'Java'},,217
GitHub-Chinese-Top-Charts,GrowingGit,git@github.com:GrowingGit/GitHub-Chinese-Top-Charts.git,86694,4,{'name': 'Java'},,218
java-design-patterns,iluwatar,git@github.com:iluwatar/java-design-patterns.git,86133,9,{'name': 'Java'},,219
LeetCodeAnimation,MisterBooo,git@github.com:MisterBooo/LeetCodeAnimation.git,74856,5,{'name': 'Java'},,220
mall,macrozheng,git@github.com:macrozheng/mall.git,74843,5,{'name': 'Java'},3.0,221
advanced-java,doocs,git@github.com:doocs/advanced-java.git,73880,5,{'name': 'Java'},1.0,222
spring-boot,spring-projects,git@github.com:spring-projects/spring-boot.git,72280,11,{'name': 'Java'},269.0,223
hello-algo,krahets,git@github.com:krahets/hello-algo.git,71994,1,{'name': 'Java'},7.0,224
elasticsearch,elastic,git@github.com:elastic/elasticsearch.git,67155,14,{'name': 'Java'},138.0,225
interviews,kdn251,git@github.com:kdn251/interviews.git,61415,7,{'name': 'Java'},,226
Java,TheAlgorithms,git@github.com:TheAlgorithms/Java.git,56297,7,{'name': 'Java'},,227
spring-framework,spring-projects,git@github.com:spring-projects/spring-framework.git,54805,13,{'name': 'Java'},285.0,228
guava,google,git@github.com:google/guava.git,49237,9,{'name': 'Java'},43.0,229
RxJava,ReactiveX,git@github.com:ReactiveX/RxJava.git,47589,11,{'name': 'Java'},233.0,230
ghidra,NationalSecurityAgency,git@github.com:NationalSecurityAgency/ghidra.git,46922,5,{'name': 'Java'},33.0,231
dubbo,apache,git@github.com:apache/dubbo.git,39918,11,{'name': 'Java'},95.0,232
jadx,skylot,git@github.com:skylot/jadx.git,38561,11,{'name': 'Java'},28.0,233
jeecg-boot,jeecgboot,git@github.com:jeecgboot/jeecg-boot.git,37420,5,{'name': 'Java'},37.0,234
MPAndroidChart,PhilJay,git@github.com:PhilJay/MPAndroidChart.git,37184,9,{'name': 'Java'},44.0,235
dbeaver,dbeaver,git@github.com:dbeaver/dbeaver.git,36960,8,{'name': 'Java'},196.0,236
tutorials,eugenp,git@github.com:eugenp/tutorials.git,35814,10,{'name': 'Java'},,237
hello-algorithm,geekxh,git@github.com:geekxh/hello-algorithm.git,34619,3,{'name': 'Java'},,238
lottie-android,airbnb,git@github.com:airbnb/lottie-android.git,34612,7,{'name': 'Java'},49.0,239
arthas,alibaba,git@github.com:alibaba/arthas.git,34489,5,{'name': 'Java'},52.0,240
glide,bumptech,git@github.com:bumptech/glide.git,34286,10,{'name': 'Java'},47.0,241
AndroidUtilCode,Blankj,git@github.com:Blankj/AndroidUtilCode.git,32866,7,{'name': 'Java'},117.0,242
netty,netty,git@github.com:netty/netty.git,32624,13,{'name': 'Java'},,243
zxing,zxing,git@github.com:zxing/zxing.git,32124,12,{'name': 'Java'},31.0,244
spring-boot-demo,xkcoding,git@github.com:xkcoding/spring-boot-demo.git,31810,6,{'name': 'Java'},,245
halo,halo-dev,git@github.com:halo-dev/halo.git,31030,6,{'name': 'Java'},160.0,246
easyexcel,alibaba,git@github.com:alibaba/easyexcel.git,30707,6,{'name': 'Java'},10.0,247
termux-app,termux,git@github.com:termux/termux-app.git,29919,8,{'name': 'Java'},89.0,248
spring-boot-examples,ityouknow,git@github.com:ityouknow/spring-boot-examples.git,29849,7,{'name': 'Java'},,249
selenium,SeleniumHQ,git@github.com:SeleniumHQ/selenium.git,29085,11,{'name': 'Java'},91.0,250
nacos,alibaba,git@github.com:alibaba/nacos.git,28819,5,{'name': 'Java'},62.0,251
apollo,apolloconfig,git@github.com:apolloconfig/apollo.git,28719,8,{'name': 'Java'},39.0,252
leetcode,doocs,git@github.com:doocs/leetcode.git,28433,5,{'name': 'Java'},19.0,253
NewPipe,TeamNewPipe,git@github.com:TeamNewPipe/NewPipe.git,28176,8,{'name': 'Java'},128.0,254
hutool,dromara,git@github.com:dromara/hutool.git,28144,9,{'name': 'Java'},139.0,255
SpringAll,wuyouzhuguli,git@github.com:wuyouzhuguli/SpringAll.git,27668,5,{'name': 'Java'},,256
druid,alibaba,git@github.com:alibaba/druid.git,27586,12,{'name': 'Java'},50.0,257
canal,alibaba,git@github.com:alibaba/canal.git,27572,11,{'name': 'Java'},29.0,258
spring-cloud-alibaba,alibaba,git@github.com:alibaba/spring-cloud-alibaba.git,27139,6,{'name': 'Java'},38.0,259
kafka,apache,git@github.com:apache/kafka.git,27086,12,{'name': 'Java'},,260
JCSprout,crossoverJie,git@github.com:crossoverJie/JCSprout.git,27073,6,{'name': 'Java'},,261
vhr,lenve,git@github.com:lenve/vhr.git,26885,6,{'name': 'Java'},,262
xxl-job,xuxueli,git@github.com:xuxueli/xxl-job.git,26298,8,{'name': 'Java'},32.0,263
miaosha,qiurunze123,git@github.com:qiurunze123/miaosha.git,26028,5,{'name': 'Java'},,264
fastjson,alibaba,git@github.com:alibaba/fastjson.git,25603,12,{'name': 'Java'},84.0,265
butterknife,JakeWharton,git@github.com:JakeWharton/butterknife.git,25580,11,{'name': 'Java'},,266
toBeTopJavaer,hollischuang,git@github.com:hollischuang/toBeTopJavaer.git,25130,5,{'name': 'Java'},,267
proxyee-down,proxyee-down-org,git@github.com:proxyee-down-org/proxyee-down.git,24985,6,{'name': 'Java'},49.0,268
incubator-seata,apache,git@github.com:apache/incubator-seata.git,24866,5,{'name': 'Java'},39.0,269
Signal-Android,signalapp,git@github.com:signalapp/Signal-Android.git,24795,12,{'name': 'Java'},,270
SmartRefreshLayout,scwang90,git@github.com:scwang90/SmartRefreshLayout.git,24643,6,{'name': 'Java'},12.0,271
EventBus,greenrobot,git@github.com:greenrobot/EventBus.git,24565,11,{'name': 'Java'},7.0,272
Hystrix,Netflix,git@github.com:Netflix/Hystrix.git,23842,11,{'name': 'Java'},79.0,273
Telegram,DrKLO,git@github.com:DrKLO/Telegram.git,23555,10,{'name': 'Java'},89.0,274
ruoyi-vue-pro,YunaiV,git@github.com:YunaiV/ruoyi-vue-pro.git,23222,3,{'name': 'Java'},24.0,275
skywalking,apache,git@github.com:apache/skywalking.git,23115,8,{'name': 'Java'},58.0,276
flink,apache,git@github.com:apache/flink.git,23015,9,{'name': 'Java'},,277
gson,google,git@github.com:google/gson.git,22893,9,{'name': 'Java'},6.0,278
libgdx,libgdx,git@github.com:libgdx/libgdx.git,22596,11,{'name': 'Java'},11.0,279
redisson,redisson,git@github.com:redisson/redisson.git,22562,10,{'name': 'Java'},144.0,280
jenkins,jenkinsci,git@github.com:jenkinsci/jenkins.git,22245,13,{'name': 'Java'},327.0,281
bazel,bazelbuild,git@github.com:bazelbuild/bazel.git,22184,9,{'name': 'Java'},137.0,282
Sentinel,alibaba,git@github.com:alibaba/Sentinel.git,21868,5,{'name': 'Java'},24.0,283
ExoPlayer,google,git@github.com:google/ExoPlayer.git,21417,9,{'name': 'Java'},28.0,284
Mindustry,Anuken,git@github.com:Anuken/Mindustry.git,20844,6,{'name': 'Java'},160.0,285
eladmin,elunez,git@github.com:elunez/eladmin.git,20705,5,{'name': 'Java'},1.0,286
rocketmq,apache,git@github.com:apache/rocketmq.git,20418,7,{'name': 'Java'},18.0,287
FizzBuzzEnterpriseEdition,EnterpriseQualityCoding,git@github.com:EnterpriseQualityCoding/FizzBuzzEnterpriseEdition.git,20356,11,{'name': 'Java'},,288
JavaGuide,Snailclimb,git@github.com:Snailclimb/JavaGuide.git,142029,5,{'name': 'Java'},,289
GitHub-Chinese-Top-Charts,GrowingGit,git@github.com:GrowingGit/GitHub-Chinese-Top-Charts.git,86694,4,{'name': 'Java'},,290
java-design-patterns,iluwatar,git@github.com:iluwatar/java-design-patterns.git,86133,9,{'name': 'Java'},,291
LeetCodeAnimation,MisterBooo,git@github.com:MisterBooo/LeetCodeAnimation.git,74856,5,{'name': 'Java'},,292
mall,macrozheng,git@github.com:macrozheng/mall.git,74843,5,{'name': 'Java'},3.0,293
advanced-java,doocs,git@github.com:doocs/advanced-java.git,73880,5,{'name': 'Java'},1.0,294
spring-boot,spring-projects,git@github.com:spring-projects/spring-boot.git,72280,11,{'name': 'Java'},269.0,295
hello-algo,krahets,git@github.com:krahets/hello-algo.git,71994,1,{'name': 'Java'},7.0,296
elasticsearch,elastic,git@github.com:elastic/elasticsearch.git,67155,14,{'name': 'Java'},138.0,297
interviews,kdn251,git@github.com:kdn251/interviews.git,61415,7,{'name': 'Java'},,298
Java,TheAlgorithms,git@github.com:TheAlgorithms/Java.git,56297,7,{'name': 'Java'},,299
spring-framework,spring-projects,git@github.com:spring-projects/spring-framework.git,54805,13,{'name': 'Java'},285.0,300
guava,google,git@github.com:google/guava.git,49237,9,{'name': 'Java'},43.0,301
RxJava,ReactiveX,git@github.com:ReactiveX/RxJava.git,47589,11,{'name': 'Java'},233.0,302
ghidra,NationalSecurityAgency,git@github.com:NationalSecurityAgency/ghidra.git,46922,5,{'name': 'Java'},33.0,303
dubbo,apache,git@github.com:apache/dubbo.git,39918,11,{'name': 'Java'},95.0,304
jadx,skylot,git@github.com:skylot/jadx.git,38561,11,{'name': 'Java'},28.0,305
jeecg-boot,jeecgboot,git@github.com:jeecgboot/jeecg-boot.git,37420,5,{'name': 'Java'},37.0,306
MPAndroidChart,PhilJay,git@github.com:PhilJay/MPAndroidChart.git,37184,9,{'name': 'Java'},44.0,307
dbeaver,dbeaver,git@github.com:dbeaver/dbeaver.git,36960,8,{'name': 'Java'},196.0,308
tutorials,eugenp,git@github.com:eugenp/tutorials.git,35814,10,{'name': 'Java'},,309
hello-algorithm,geekxh,git@github.com:geekxh/hello-algorithm.git,34619,3,{'name': 'Java'},,310
lottie-android,airbnb,git@github.com:airbnb/lottie-android.git,34612,7,{'name': 'Java'},49.0,311
arthas,alibaba,git@github.com:alibaba/arthas.git,34489,5,{'name': 'Java'},52.0,312
glide,bumptech,git@github.com:bumptech/glide.git,34286,10,{'name': 'Java'},47.0,313
AndroidUtilCode,Blankj,git@github.com:Blankj/AndroidUtilCode.git,32866,7,{'name': 'Java'},117.0,314
netty,netty,git@github.com:netty/netty.git,32624,13,{'name': 'Java'},,315
zxing,zxing,git@github.com:zxing/zxing.git,32124,12,{'name': 'Java'},31.0,316
spring-boot-demo,xkcoding,git@github.com:xkcoding/spring-boot-demo.git,31810,6,{'name': 'Java'},,317
halo,halo-dev,git@github.com:halo-dev/halo.git,31030,6,{'name': 'Java'},160.0,318
easyexcel,alibaba,git@github.com:alibaba/easyexcel.git,30707,6,{'name': 'Java'},10.0,319
termux-app,termux,git@github.com:termux/termux-app.git,29919,8,{'name': 'Java'},89.0,320
spring-boot-examples,ityouknow,git@github.com:ityouknow/spring-boot-examples.git,29849,7,{'name': 'Java'},,321
selenium,SeleniumHQ,git@github.com:SeleniumHQ/selenium.git,29085,11,{'name': 'Java'},91.0,322
nacos,alibaba,git@github.com:alibaba/nacos.git,28819,5,{'name': 'Java'},62.0,323
apollo,apolloconfig,git@github.com:apolloconfig/apollo.git,28719,8,{'name': 'Java'},39.0,324
leetcode,doocs,git@github.com:doocs/leetcode.git,28433,5,{'name': 'Java'},19.0,325
NewPipe,TeamNewPipe,git@github.com:TeamNewPipe/NewPipe.git,28176,8,{'name': 'Java'},128.0,326
hutool,dromara,git@github.com:dromara/hutool.git,28144,9,{'name': 'Java'},139.0,327
SpringAll,wuyouzhuguli,git@github.com:wuyouzhuguli/SpringAll.git,27668,5,{'name': 'Java'},,328
druid,alibaba,git@github.com:alibaba/druid.git,27586,12,{'name': 'Java'},50.0,329
canal,alibaba,git@github.com:alibaba/canal.git,27572,11,{'name': 'Java'},29.0,330
spring-cloud-alibaba,alibaba,git@github.com:alibaba/spring-cloud-alibaba.git,27139,6,{'name': 'Java'},38.0,331
kafka,apache,git@github.com:apache/kafka.git,27086,12,{'name': 'Java'},,332
JCSprout,crossoverJie,git@github.com:crossoverJie/JCSprout.git,27073,6,{'name': 'Java'},,333
vhr,lenve,git@github.com:lenve/vhr.git,26885,6,{'name': 'Java'},,334
xxl-job,xuxueli,git@github.com:xuxueli/xxl-job.git,26298,8,{'name': 'Java'},32.0,335
miaosha,qiurunze123,git@github.com:qiurunze123/miaosha.git,26028,5,{'name': 'Java'},,336
fastjson,alibaba,git@github.com:alibaba/fastjson.git,25603,12,{'name': 'Java'},84.0,337
butterknife,JakeWharton,git@github.com:JakeWharton/butterknife.git,25580,11,{'name': 'Java'},,338
toBeTopJavaer,hollischuang,git@github.com:hollischuang/toBeTopJavaer.git,25130,5,{'name': 'Java'},,339
proxyee-down,proxyee-down-org,git@github.com:proxyee-down-org/proxyee-down.git,24985,6,{'name': 'Java'},49.0,340
incubator-seata,apache,git@github.com:apache/incubator-seata.git,24866,5,{'name': 'Java'},39.0,341
Signal-Android,signalapp,git@github.com:signalapp/Signal-Android.git,24795,12,{'name': 'Java'},,342
SmartRefreshLayout,scwang90,git@github.com:scwang90/SmartRefreshLayout.git,24643,6,{'name': 'Java'},12.0,343
EventBus,greenrobot,git@github.com:greenrobot/EventBus.git,24565,11,{'name': 'Java'},7.0,344
Hystrix,Netflix,git@github.com:Netflix/Hystrix.git,23842,11,{'name': 'Java'},79.0,345
Telegram,DrKLO,git@github.com:DrKLO/Telegram.git,23555,10,{'name': 'Java'},89.0,346
ruoyi-vue-pro,YunaiV,git@github.com:YunaiV/ruoyi-vue-pro.git,23222,3,{'name': 'Java'},24.0,347
skywalking,apache,git@github.com:apache/skywalking.git,23115,8,{'name': 'Java'},58.0,348
flink,apache,git@github.com:apache/flink.git,23015,9,{'name': 'Java'},,349
gson,google,git@github.com:google/gson.git,22893,9,{'name': 'Java'},6.0,350
libgdx,libgdx,git@github.com:libgdx/libgdx.git,22596,11,{'name': 'Java'},11.0,351
redisson,redisson,git@github.com:redisson/redisson.git,22562,10,{'name': 'Java'},144.0,352
jenkins,jenkinsci,git@github.com:jenkinsci/jenkins.git,22245,13,{'name': 'Java'},327.0,353
bazel,bazelbuild,git@github.com:bazelbuild/bazel.git,22184,9,{'name': 'Java'},137.0,354
Sentinel,alibaba,git@github.com:alibaba/Sentinel.git,21868,5,{'name': 'Java'},24.0,355
ExoPlayer,google,git@github.com:google/ExoPlayer.git,21417,9,{'name': 'Java'},28.0,356
Mindustry,Anuken,git@github.com:Anuken/Mindustry.git,20844,6,{'name': 'Java'},160.0,357
eladmin,elunez,git@github.com:elunez/eladmin.git,20705,5,{'name': 'Java'},1.0,358
rocketmq,apache,git@github.com:apache/rocketmq.git,20418,7,{'name': 'Java'},18.0,359
FizzBuzzEnterpriseEdition,EnterpriseQualityCoding,git@github.com:EnterpriseQualityCoding/FizzBuzzEnterpriseEdition.git,20356,11,{'name': 'Java'},,360
JavaGuide,Snailclimb,git@github.com:Snailclimb/JavaGuide.git,142029,5,{'name': 'Java'},,361
GitHub-Chinese-Top-Charts,GrowingGit,git@github.com:GrowingGit/GitHub-Chinese-Top-Charts.git,86694,4,{'name': 'Java'},,362
java-design-patterns,iluwatar,git@github.com:iluwatar/java-design-patterns.git,86133,9,{'name': 'Java'},,363
LeetCodeAnimation,MisterBooo,git@github.com:MisterBooo/LeetCodeAnimation.git,74856,5,{'name': 'Java'},,364
mall,macrozheng,git@github.com:macrozheng/mall.git,74843,5,{'name': 'Java'},3.0,365
advanced-java,doocs,git@github.com:doocs/advanced-java.git,73880,5,{'name': 'Java'},1.0,366
spring-boot,spring-projects,git@github.com:spring-projects/spring-boot.git,72280,11,{'name': 'Java'},269.0,367
hello-algo,krahets,git@github.com:krahets/hello-algo.git,71994,1,{'name': 'Java'},7.0,368
elasticsearch,elastic,git@github.com:elastic/elasticsearch.git,67155,14,{'name': 'Java'},138.0,369
interviews,kdn251,git@github.com:kdn251/interviews.git,61415,7,{'name': 'Java'},,370
Java,TheAlgorithms,git@github.com:TheAlgorithms/Java.git,56297,7,{'name': 'Java'},,371
spring-framework,spring-projects,git@github.com:spring-projects/spring-framework.git,54805,13,{'name': 'Java'},285.0,372
guava,google,git@github.com:google/guava.git,49237,9,{'name': 'Java'},43.0,373
RxJava,ReactiveX,git@github.com:ReactiveX/RxJava.git,47589,11,{'name': 'Java'},233.0,374
ghidra,NationalSecurityAgency,git@github.com:NationalSecurityAgency/ghidra.git,46922,5,{'name': 'Java'},33.0,375
dubbo,apache,git@github.com:apache/dubbo.git,39918,11,{'name': 'Java'},95.0,376
jadx,skylot,git@github.com:skylot/jadx.git,38561,11,{'name': 'Java'},28.0,377
jeecg-boot,jeecgboot,git@github.com:jeecgboot/jeecg-boot.git,37420,5,{'name': 'Java'},37.0,378
MPAndroidChart,PhilJay,git@github.com:PhilJay/MPAndroidChart.git,37184,9,{'name': 'Java'},44.0,379
dbeaver,dbeaver,git@github.com:dbeaver/dbeaver.git,36960,8,{'name': 'Java'},196.0,380
tutorials,eugenp,git@github.com:eugenp/tutorials.git,35814,10,{'name': 'Java'},,381
hello-algorithm,geekxh,git@github.com:geekxh/hello-algorithm.git,34619,3,{'name': 'Java'},,382
lottie-android,airbnb,git@github.com:airbnb/lottie-android.git,34612,7,{'name': 'Java'},49.0,383
arthas,alibaba,git@github.com:alibaba/arthas.git,34489,5,{'name': 'Java'},52.0,384
glide,bumptech,git@github.com:bumptech/glide.git,34286,10,{'name': 'Java'},47.0,385
AndroidUtilCode,Blankj,git@github.com:Blankj/AndroidUtilCode.git,32866,7,{'name': 'Java'},117.0,386
netty,netty,git@github.com:netty/netty.git,32624,13,{'name': 'Java'},,387
zxing,zxing,git@github.com:zxing/zxing.git,32124,12,{'name': 'Java'},31.0,388
spring-boot-demo,xkcoding,git@github.com:xkcoding/spring-boot-demo.git,31810,6,{'name': 'Java'},,389
halo,halo-dev,git@github.com:halo-dev/halo.git,31030,6,{'name': 'Java'},160.0,390
easyexcel,alibaba,git@github.com:alibaba/easyexcel.git,30707,6,{'name': 'Java'},10.0,391
termux-app,termux,git@github.com:termux/termux-app.git,29919,8,{'name': 'Java'},89.0,392
spring-boot-examples,ityouknow,git@github.com:ityouknow/spring-boot-examples.git,29849,7,{'name': 'Java'},,393
selenium,SeleniumHQ,git@github.com:SeleniumHQ/selenium.git,29085,11,{'name': 'Java'},91.0,394
nacos,alibaba,git@github.com:alibaba/nacos.git,28819,5,{'name': 'Java'},62.0,395
apollo,apolloconfig,git@github.com:apolloconfig/apollo.git,28719,8,{'name': 'Java'},39.0,396
leetcode,doocs,git@github.com:doocs/leetcode.git,28433,5,{'name': 'Java'},19.0,397
NewPipe,TeamNewPipe,git@github.com:TeamNewPipe/NewPipe.git,28176,8,{'name': 'Java'},128.0,398
hutool,dromara,git@github.com:dromara/hutool.git,28144,9,{'name': 'Java'},139.0,399
SpringAll,wuyouzhuguli,git@github.com:wuyouzhuguli/SpringAll.git,27668,5,{'name': 'Java'},,400
druid,alibaba,git@github.com:alibaba/druid.git,27586,12,{'name': 'Java'},50.0,401
canal,alibaba,git@github.com:alibaba/canal.git,27572,11,{'name': 'Java'},29.0,402
spring-cloud-alibaba,alibaba,git@github.com:alibaba/spring-cloud-alibaba.git,27139,6,{'name': 'Java'},38.0,403
kafka,apache,git@github.com:apache/kafka.git,27086,12,{'name': 'Java'},,404
JCSprout,crossoverJie,git@github.com:crossoverJie/JCSprout.git,27073,6,{'name': 'Java'},,405
vhr,lenve,git@github.com:lenve/vhr.git,26885,6,{'name': 'Java'},,406
xxl-job,xuxueli,git@github.com:xuxueli/xxl-job.git,26298,8,{'name': 'Java'},32.0,407
miaosha,qiurunze123,git@github.com:qiurunze123/miaosha.git,26028,5,{'name': 'Java'},,408
fastjson,alibaba,git@github.com:alibaba/fastjson.git,25603,12,{'name': 'Java'},84.0,409
butterknife,JakeWharton,git@github.com:JakeWharton/butterknife.git,25580,11,{'name': 'Java'},,410
toBeTopJavaer,hollischuang,git@github.com:hollischuang/toBeTopJavaer.git,25130,5,{'name': 'Java'},,411
proxyee-down,proxyee-down-org,git@github.com:proxyee-down-org/proxyee-down.git,24985,6,{'name': 'Java'},49.0,412
incubator-seata,apache,git@github.com:apache/incubator-seata.git,24866,5,{'name': 'Java'},39.0,413
Signal-Android,signalapp,git@github.com:signalapp/Signal-Android.git,24795,12,{'name': 'Java'},,414
SmartRefreshLayout,scwang90,git@github.com:scwang90/SmartRefreshLayout.git,24643,6,{'name': 'Java'},12.0,415
EventBus,greenrobot,git@github.com:greenrobot/EventBus.git,24565,11,{'name': 'Java'},7.0,416
Hystrix,Netflix,git@github.com:Netflix/Hystrix.git,23842,11,{'name': 'Java'},79.0,417
Telegram,DrKLO,git@github.com:DrKLO/Telegram.git,23555,10,{'name': 'Java'},89.0,418
ruoyi-vue-pro,YunaiV,git@github.com:YunaiV/ruoyi-vue-pro.git,23222,3,{'name': 'Java'},24.0,419
skywalking,apache,git@github.com:apache/skywalking.git,23115,8,{'name': 'Java'},58.0,420
flink,apache,git@github.com:apache/flink.git,23015,9,{'name': 'Java'},,421
gson,google,git@github.com:google/gson.git,22893,9,{'name': 'Java'},6.0,422
libgdx,libgdx,git@github.com:libgdx/libgdx.git,22596,11,{'name': 'Java'},11.0,423
redisson,redisson,git@github.com:redisson/redisson.git,22562,10,{'name': 'Java'},144.0,424
jenkins,jenkinsci,git@github.com:jenkinsci/jenkins.git,22245,13,{'name': 'Java'},327.0,425
bazel,bazelbuild,git@github.com:bazelbuild/bazel.git,22184,9,{'name': 'Java'},137.0,426
Sentinel,alibaba,git@github.com:alibaba/Sentinel.git,21868,5,{'name': 'Java'},24.0,427
ExoPlayer,google,git@github.com:google/ExoPlayer.git,21417,9,{'name': 'Java'},28.0,428
Mindustry,Anuken,git@github.com:Anuken/Mindustry.git,20844,6,{'name': 'Java'},160.0,429
eladmin,elunez,git@github.com:elunez/eladmin.git,20705,5,{'name': 'Java'},1.0,430
rocketmq,apache,git@github.com:apache/rocketmq.git,20418,7,{'name': 'Java'},18.0,431
FizzBuzzEnterpriseEdition,EnterpriseQualityCoding,git@github.com:EnterpriseQualityCoding/FizzBuzzEnterpriseEdition.git,20356,11,{'name': 'Java'},,432
JavaGuide,Snailclimb,git@github.com:Snailclimb/JavaGuide.git,142029,5,{'name': 'Java'},,433
GitHub-Chinese-Top-Charts,GrowingGit,git@github.com:GrowingGit/GitHub-Chinese-Top-Charts.git,86694,4,{'name': 'Java'},,434
java-design-patterns,iluwatar,git@github.com:iluwatar/java-design-patterns.git,86133,9,{'name': 'Java'},,435
LeetCodeAnimation,MisterBooo,git@github.com:MisterBooo/LeetCodeAnimation.git,74856,5,{'name': 'Java'},,436
mall,macrozheng,git@github.com:macrozheng/mall.git,74843,5,{'name': 'Java'},3.0,437
advanced-java,doocs,git@github.com:doocs/advanced-java.git,73880,5,{'name': 'Java'},1.0,438
spring-boot,spring-projects,git@github.com:spring-projects/spring-boot.git,72280,11,{'name': 'Java'},269.0,439
hello-algo,krahets,git@github.com:krahets/hello-algo.git,71994,1,{'name': 'Java'},7.0,440
elasticsearch,elastic,git@github.com:elastic/elasticsearch.git,67155,14,{'name': 'Java'},138.0,441
interviews,kdn251,git@github.com:kdn251/interviews.git,61415,7,{'name': 'Java'},,442
Java,TheAlgorithms,git@github.com:TheAlgorithms/Java.git,56297,7,{'name': 'Java'},,443
spring-framework,spring-projects,git@github.com:spring-projects/spring-framework.git,54805,13,{'name': 'Java'},285.0,444
guava,google,git@github.com:google/guava.git,49237,9,{'name': 'Java'},43.0,445
RxJava,ReactiveX,git@github.com:ReactiveX/RxJava.git,47589,11,{'name': 'Java'},233.0,446
ghidra,NationalSecurityAgency,git@github.com:NationalSecurityAgency/ghidra.git,46922,5,{'name': 'Java'},33.0,447
dubbo,apache,git@github.com:apache/dubbo.git,39918,11,{'name': 'Java'},95.0,448
jadx,skylot,git@github.com:skylot/jadx.git,38561,11,{'name': 'Java'},28.0,449
jeecg-boot,jeecgboot,git@github.com:jeecgboot/jeecg-boot.git,37420,5,{'name': 'Java'},37.0,450
MPAndroidChart,PhilJay,git@github.com:PhilJay/MPAndroidChart.git,37184,9,{'name': 'Java'},44.0,451
dbeaver,dbeaver,git@github.com:dbeaver/dbeaver.git,36960,8,{'name': 'Java'},196.0,452
tutorials,eugenp,git@github.com:eugenp/tutorials.git,35814,10,{'name': 'Java'},,453
hello-algorithm,geekxh,git@github.com:geekxh/hello-algorithm.git,34619,3,{'name': 'Java'},,454
lottie-android,airbnb,git@github.com:airbnb/lottie-android.git,34612,7,{'name': 'Java'},49.0,455
arthas,alibaba,git@github.com:alibaba/arthas.git,34489,5,{'name': 'Java'},52.0,456
glide,bumptech,git@github.com:bumptech/glide.git,34286,10,{'name': 'Java'},47.0,457
AndroidUtilCode,Blankj,git@github.com:Blankj/AndroidUtilCode.git,32866,7,{'name': 'Java'},117.0,458
netty,netty,git@github.com:netty/netty.git,32624,13,{'name': 'Java'},,459
zxing,zxing,git@github.com:zxing/zxing.git,32124,12,{'name': 'Java'},31.0,460
spring-boot-demo,xkcoding,git@github.com:xkcoding/spring-boot-demo.git,31810,6,{'name': 'Java'},,461
halo,halo-dev,git@github.com:halo-dev/halo.git,31030,6,{'name': 'Java'},160.0,462
easyexcel,alibaba,git@github.com:alibaba/easyexcel.git,30707,6,{'name': 'Java'},10.0,463
termux-app,termux,git@github.com:termux/termux-app.git,29919,8,{'name': 'Java'},89.0,464
spring-boot-examples,ityouknow,git@github.com:ityouknow/spring-boot-examples.git,29849,7,{'name': 'Java'},,465
selenium,SeleniumHQ,git@github.com:SeleniumHQ/selenium.git,29085,11,{'name': 'Java'},91.0,466
nacos,alibaba,git@github.com:alibaba/nacos.git,28819,5,{'name': 'Java'},62.0,467
apollo,apolloconfig,git@github.com:apolloconfig/apollo.git,28719,8,{'name': 'Java'},39.0,468
leetcode,doocs,git@github.com:doocs/leetcode.git,28433,5,{'name': 'Java'},19.0,469
NewPipe,TeamNewPipe,git@github.com:TeamNewPipe/NewPipe.git,28176,8,{'name': 'Java'},128.0,470
hutool,dromara,git@github.com:dromara/hutool.git,28144,9,{'name': 'Java'},139.0,471
SpringAll,wuyouzhuguli,git@github.com:wuyouzhuguli/SpringAll.git,27668,5,{'name': 'Java'},,472
druid,alibaba,git@github.com:alibaba/druid.git,27586,12,{'name': 'Java'},50.0,473
canal,alibaba,git@github.com:alibaba/canal.git,27572,11,{'name': 'Java'},29.0,474
spring-cloud-alibaba,alibaba,git@github.com:alibaba/spring-cloud-alibaba.git,27139,6,{'name': 'Java'},38.0,475
kafka,apache,git@github.com:apache/kafka.git,27086,12,{'name': 'Java'},,476
JCSprout,crossoverJie,git@github.com:crossoverJie/JCSprout.git,27073,6,{'name': 'Java'},,477
vhr,lenve,git@github.com:lenve/vhr.git,26885,6,{'name': 'Java'},,478
xxl-job,xuxueli,git@github.com:xuxueli/xxl-job.git,26298,8,{'name': 'Java'},32.0,479
miaosha,qiurunze123,git@github.com:qiurunze123/miaosha.git,26028,5,{'name': 'Java'},,480
fastjson,alibaba,git@github.com:alibaba/fastjson.git,25603,12,{'name': 'Java'},84.0,481
butterknife,JakeWharton,git@github.com:JakeWharton/butterknife.git,25580,11,{'name': 'Java'},,482
toBeTopJavaer,hollischuang,git@github.com:hollischuang/toBeTopJavaer.git,25130,5,{'name': 'Java'},,483
proxyee-down,proxyee-down-org,git@github.com:proxyee-down-org/proxyee-down.git,24985,6,{'name': 'Java'},49.0,484
incubator-seata,apache,git@github.com:apache/incubator-seata.git,24866,5,{'name': 'Java'},39.0,485
Signal-Android,signalapp,git@github.com:signalapp/Signal-Android.git,24795,12,{'name': 'Java'},,486
SmartRefreshLayout,scwang90,git@github.com:scwang90/SmartRefreshLayout.git,24643,6,{'name': 'Java'},12.0,487
EventBus,greenrobot,git@github.com:greenrobot/EventBus.git,24565,11,{'name': 'Java'},7.0,488
Hystrix,Netflix,git@github.com:Netflix/Hystrix.git,23842,11,{'name': 'Java'},79.0,489
Telegram,DrKLO,git@github.com:DrKLO/Telegram.git,23555,10,{'name': 'Java'},89.0,490
ruoyi-vue-pro,YunaiV,git@github.com:YunaiV/ruoyi-vue-pro.git,23222,3,{'name': 'Java'},24.0,491
skywalking,apache,git@github.com:apache/skywalking.git,23115,8,{'name': 'Java'},58.0,492
flink,apache,git@github.com:apache/flink.git,23015,9,{'name': 'Java'},,493
gson,google,git@github.com:google/gson.git,22893,9,{'name': 'Java'},6.0,494
libgdx,libgdx,git@github.com:libgdx/libgdx.git,22596,11,{'name': 'Java'},11.0,495
redisson,redisson,git@github.com:redisson/redisson.git,22562,10,{'name': 'Java'},144.0,496
jenkins,jenkinsci,git@github.com:jenkinsci/jenkins.git,22245,13,{'name': 'Java'},327.0,497
bazel,bazelbuild,git@github.com:bazelbuild/bazel.git,22184,9,{'name': 'Java'},137.0,498
Sentinel,alibaba,git@github.com:alibaba/Sentinel.git,21868,5,{'name': 'Java'},24.0,499
ExoPlayer,google,git@github.com:google/ExoPlayer.git,21417,9,{'name': 'Java'},28.0,500
Mindustry,Anuken,git@github.com:Anuken/Mindustry.git,20844,6,{'name': 'Java'},160.0,501
eladmin,elunez,git@github.com:elunez/eladmin.git,20705,5,{'name': 'Java'},1.0,502
rocketmq,apache,git@github.com:apache/rocketmq.git,20418,7,{'name': 'Java'},18.0,503
FizzBuzzEnterpriseEdition,EnterpriseQualityCoding,git@github.com:EnterpriseQualityCoding/FizzBuzzEnterpriseEdition.git,20356,11,{'name': 'Java'},,504
JavaGuide,Snailclimb,git@github.com:Snailclimb/JavaGuide.git,142029,5,{'name': 'Java'},,505
GitHub-Chinese-Top-Charts,GrowingGit,git@github.com:GrowingGit/GitHub-Chinese-Top-Charts.git,86694,4,{'name': 'Java'},,506
java-design-patterns,iluwatar,git@github.com:iluwatar/java-design-patterns.git,86133,9,{'name': 'Java'},,507
LeetCodeAnimation,MisterBooo,git@github.com:MisterBooo/LeetCodeAnimation.git,74856,5,{'name': 'Java'},,508
mall,macrozheng,git@github.com:macrozheng/mall.git,74843,5,{'name': 'Java'},3.0,509
advanced-java,doocs,git@github.com:doocs/advanced-java.git,73880,5,{'name': 'Java'},1.0,510
spring-boot,spring-projects,git@github.com:spring-projects/spring-boot.git,72280,11,{'name': 'Java'},269.0,511
hello-algo,krahets,git@github.com:krahets/hello-algo.git,71994,1,{'name': 'Java'},7.0,512
elasticsearch,elastic,git@github.com:elastic/elasticsearch.git,67155,14,{'name': 'Java'},138.0,513
interviews,kdn251,git@github.com:kdn251/interviews.git,61415,7,{'name': 'Java'},,514
Java,TheAlgorithms,git@github.com:TheAlgorithms/Java.git,56297,7,{'name': 'Java'},,515
spring-framework,spring-projects,git@github.com:spring-projects/spring-framework.git,54805,13,{'name': 'Java'},285.0,516
guava,google,git@github.com:google/guava.git,49237,9,{'name': 'Java'},43.0,517
RxJava,ReactiveX,git@github.com:ReactiveX/RxJava.git,47589,11,{'name': 'Java'},233.0,518
ghidra,NationalSecurityAgency,git@github.com:NationalSecurityAgency/ghidra.git,46922,5,{'name': 'Java'},33.0,519
dubbo,apache,git@github.com:apache/dubbo.git,39918,11,{'name': 'Java'},95.0,520
jadx,skylot,git@github.com:skylot/jadx.git,38561,11,{'name': 'Java'},28.0,521
jeecg-boot,jeecgboot,git@github.com:jeecgboot/jeecg-boot.git,37420,5,{'name': 'Java'},37.0,522
MPAndroidChart,PhilJay,git@github.com:PhilJay/MPAndroidChart.git,37184,9,{'name': 'Java'},44.0,523
dbeaver,dbeaver,git@github.com:dbeaver/dbeaver.git,36960,8,{'name': 'Java'},196.0,524
tutorials,eugenp,git@github.com:eugenp/tutorials.git,35814,10,{'name': 'Java'},,525
hello-algorithm,geekxh,git@github.com:geekxh/hello-algorithm.git,34619,3,{'name': 'Java'},,526
lottie-android,airbnb,git@github.com:airbnb/lottie-android.git,34612,7,{'name': 'Java'},49.0,527
arthas,alibaba,git@github.com:alibaba/arthas.git,34489,5,{'name': 'Java'},52.0,528
glide,bumptech,git@github.com:bumptech/glide.git,34286,10,{'name': 'Java'},47.0,529
AndroidUtilCode,Blankj,git@github.com:Blankj/AndroidUtilCode.git,32866,7,{'name': 'Java'},117.0,530
netty,netty,git@github.com:netty/netty.git,32624,13,{'name': 'Java'},,531
zxing,zxing,git@github.com:zxing/zxing.git,32124,12,{'name': 'Java'},31.0,532
spring-boot-demo,xkcoding,git@github.com:xkcoding/spring-boot-demo.git,31810,6,{'name': 'Java'},,533
halo,halo-dev,git@github.com:halo-dev/halo.git,31030,6,{'name': 'Java'},160.0,534
easyexcel,alibaba,git@github.com:alibaba/easyexcel.git,30707,6,{'name': 'Java'},10.0,535
termux-app,termux,git@github.com:termux/termux-app.git,29919,8,{'name': 'Java'},89.0,536
spring-boot-examples,ityouknow,git@github.com:ityouknow/spring-boot-examples.git,29849,7,{'name': 'Java'},,537
selenium,SeleniumHQ,git@github.com:SeleniumHQ/selenium.git,29085,11,{'name': 'Java'},91.0,538
nacos,alibaba,git@github.com:alibaba/nacos.git,28819,5,{'name': 'Java'},62.0,539
apollo,apolloconfig,git@github.com:apolloconfig/apollo.git,28719,8,{'name': 'Java'},39.0,540
leetcode,doocs,git@github.com:doocs/leetcode.git,28433,5,{'name': 'Java'},19.0,541
NewPipe,TeamNewPipe,git@github.com:TeamNewPipe/NewPipe.git,28176,8,{'name': 'Java'},128.0,542
hutool,dromara,git@github.com:dromara/hutool.git,28144,9,{'name': 'Java'},139.0,543
SpringAll,wuyouzhuguli,git@github.com:wuyouzhuguli/SpringAll.git,27668,5,{'name': 'Java'},,544
druid,alibaba,git@github.com:alibaba/druid.git,27586,12,{'name': 'Java'},50.0,545
canal,alibaba,git@github.com:alibaba/canal.git,27572,11,{'name': 'Java'},29.0,546
spring-cloud-alibaba,alibaba,git@github.com:alibaba/spring-cloud-alibaba.git,27139,6,{'name': 'Java'},38.0,547
kafka,apache,git@github.com:apache/kafka.git,27086,12,{'name': 'Java'},,548
JCSprout,crossoverJie,git@github.com:crossoverJie/JCSprout.git,27073,6,{'name': 'Java'},,549
vhr,lenve,git@github.com:lenve/vhr.git,26885,6,{'name': 'Java'},,550
xxl-job,xuxueli,git@github.com:xuxueli/xxl-job.git,26298,8,{'name': 'Java'},32.0,551
miaosha,qiurunze123,git@github.com:qiurunze123/miaosha.git,26028,5,{'name': 'Java'},,552
fastjson,alibaba,git@github.com:alibaba/fastjson.git,25603,12,{'name': 'Java'},84.0,553
butterknife,JakeWharton,git@github.com:JakeWharton/butterknife.git,25580,11,{'name': 'Java'},,554
toBeTopJavaer,hollischuang,git@github.com:hollischuang/toBeTopJavaer.git,25130,5,{'name': 'Java'},,555
proxyee-down,proxyee-down-org,git@github.com:proxyee-down-org/proxyee-down.git,24985,6,{'name': 'Java'},49.0,556
incubator-seata,apache,git@github.com:apache/incubator-seata.git,24866,5,{'name': 'Java'},39.0,557
Signal-Android,signalapp,git@github.com:signalapp/Signal-Android.git,24795,12,{'name': 'Java'},,558
SmartRefreshLayout,scwang90,git@github.com:scwang90/SmartRefreshLayout.git,24643,6,{'name': 'Java'},12.0,559
EventBus,greenrobot,git@github.com:greenrobot/EventBus.git,24565,11,{'name': 'Java'},7.0,560
Hystrix,Netflix,git@github.com:Netflix/Hystrix.git,23842,11,{'name': 'Java'},79.0,561
Telegram,DrKLO,git@github.com:DrKLO/Telegram.git,23555,10,{'name': 'Java'},89.0,562
ruoyi-vue-pro,YunaiV,git@github.com:YunaiV/ruoyi-vue-pro.git,23222,3,{'name': 'Java'},24.0,563
skywalking,apache,git@github.com:apache/skywalking.git,23115,8,{'name': 'Java'},58.0,564
flink,apache,git@github.com:apache/flink.git,23015,9,{'name': 'Java'},,565
gson,google,git@github.com:google/gson.git,22893,9,{'name': 'Java'},6.0,566
libgdx,libgdx,git@github.com:libgdx/libgdx.git,22596,11,{'name': 'Java'},11.0,567
redisson,redisson,git@github.com:redisson/redisson.git,22562,10,{'name': 'Java'},144.0,568
jenkins,jenkinsci,git@github.com:jenkinsci/jenkins.git,22245,13,{'name': 'Java'},327.0,569
bazel,bazelbuild,git@github.com:bazelbuild/bazel.git,22184,9,{'name': 'Java'},137.0,570
Sentinel,alibaba,git@github.com:alibaba/Sentinel.git,21868,5,{'name': 'Java'},24.0,571
ExoPlayer,google,git@github.com:google/ExoPlayer.git,21417,9,{'name': 'Java'},28.0,572
Mindustry,Anuken,git@github.com:Anuken/Mindustry.git,20844,6,{'name': 'Java'},160.0,573
eladmin,elunez,git@github.com:elunez/eladmin.git,20705,5,{'name': 'Java'},1.0,574
rocketmq,apache,git@github.com:apache/rocketmq.git,20418,7,{'name': 'Java'},18.0,575
FizzBuzzEnterpriseEdition,EnterpriseQualityCoding,git@github.com:EnterpriseQualityCoding/FizzBuzzEnterpriseEdition.git,20356,11,{'name': 'Java'},,576
JavaGuide,Snailclimb,git@github.com:Snailclimb/JavaGuide.git,142029,5,{'name': 'Java'},,577
GitHub-Chinese-Top-Charts,GrowingGit,git@github.com:GrowingGit/GitHub-Chinese-Top-Charts.git,86694,4,{'name': 'Java'},,578
java-design-patterns,iluwatar,git@github.com:iluwatar/java-design-patterns.git,86133,9,{'name': 'Java'},,579
LeetCodeAnimation,MisterBooo,git@github.com:MisterBooo/LeetCodeAnimation.git,74856,5,{'name': 'Java'},,580
mall,macrozheng,git@github.com:macrozheng/mall.git,74843,5,{'name': 'Java'},3.0,581
advanced-java,doocs,git@github.com:doocs/advanced-java.git,73880,5,{'name': 'Java'},1.0,582
spring-boot,spring-projects,git@github.com:spring-projects/spring-boot.git,72280,11,{'name': 'Java'},269.0,583
hello-algo,krahets,git@github.com:krahets/hello-algo.git,71994,1,{'name': 'Java'},7.0,584
elasticsearch,elastic,git@github.com:elastic/elasticsearch.git,67155,14,{'name': 'Java'},138.0,585
interviews,kdn251,git@github.com:kdn251/interviews.git,61415,7,{'name': 'Java'},,586
Java,TheAlgorithms,git@github.com:TheAlgorithms/Java.git,56297,7,{'name': 'Java'},,587
spring-framework,spring-projects,git@github.com:spring-projects/spring-framework.git,54805,13,{'name': 'Java'},285.0,588
guava,google,git@github.com:google/guava.git,49237,9,{'name': 'Java'},43.0,589
RxJava,ReactiveX,git@github.com:ReactiveX/RxJava.git,47589,11,{'name': 'Java'},233.0,590
ghidra,NationalSecurityAgency,git@github.com:NationalSecurityAgency/ghidra.git,46922,5,{'name': 'Java'},33.0,591
dubbo,apache,git@github.com:apache/dubbo.git,39918,11,{'name': 'Java'},95.0,592
jadx,skylot,git@github.com:skylot/jadx.git,38561,11,{'name': 'Java'},28.0,593
jeecg-boot,jeecgboot,git@github.com:jeecgboot/jeecg-boot.git,37420,5,{'name': 'Java'},37.0,594
MPAndroidChart,PhilJay,git@github.com:PhilJay/MPAndroidChart.git,37184,9,{'name': 'Java'},44.0,595
dbeaver,dbeaver,git@github.com:dbeaver/dbeaver.git,36960,8,{'name': 'Java'},196.0,596
tutorials,eugenp,git@github.com:eugenp/tutorials.git,35814,10,{'name': 'Java'},,597
hello-algorithm,geekxh,git@github.com:geekxh/hello-algorithm.git,34619,3,{'name': 'Java'},,598
lottie-android,airbnb,git@github.com:airbnb/lottie-android.git,34612,7,{'name': 'Java'},49.0,599
arthas,alibaba,git@github.com:alibaba/arthas.git,34489,5,{'name': 'Java'},52.0,600
glide,bumptech,git@github.com:bumptech/glide.git,34286,10,{'name': 'Java'},47.0,601
AndroidUtilCode,Blankj,git@github.com:Blankj/AndroidUtilCode.git,32866,7,{'name': 'Java'},117.0,602
netty,netty,git@github.com:netty/netty.git,32624,13,{'name': 'Java'},,603
zxing,zxing,git@github.com:zxing/zxing.git,32124,12,{'name': 'Java'},31.0,604
spring-boot-demo,xkcoding,git@github.com:xkcoding/spring-boot-demo.git,31810,6,{'name': 'Java'},,605
halo,halo-dev,git@github.com:halo-dev/halo.git,31030,6,{'name': 'Java'},160.0,606
easyexcel,alibaba,git@github.com:alibaba/easyexcel.git,30707,6,{'name': 'Java'},10.0,607
termux-app,termux,git@github.com:termux/termux-app.git,29919,8,{'name': 'Java'},89.0,608
spring-boot-examples,ityouknow,git@github.com:ityouknow/spring-boot-examples.git,29849,7,{'name': 'Java'},,609
selenium,SeleniumHQ,git@github.com:SeleniumHQ/selenium.git,29085,11,{'name': 'Java'},91.0,610
nacos,alibaba,git@github.com:alibaba/nacos.git,28819,5,{'name': 'Java'},62.0,611
apollo,apolloconfig,git@github.com:apolloconfig/apollo.git,28719,8,{'name': 'Java'},39.0,612
leetcode,doocs,git@github.com:doocs/leetcode.git,28433,5,{'name': 'Java'},19.0,613
NewPipe,TeamNewPipe,git@github.com:TeamNewPipe/NewPipe.git,28176,8,{'name': 'Java'},128.0,614
hutool,dromara,git@github.com:dromara/hutool.git,28144,9,{'name': 'Java'},139.0,615
SpringAll,wuyouzhuguli,git@github.com:wuyouzhuguli/SpringAll.git,27668,5,{'name': 'Java'},,616
druid,alibaba,git@github.com:alibaba/druid.git,27586,12,{'name': 'Java'},50.0,617
canal,alibaba,git@github.com:alibaba/canal.git,27572,11,{'name': 'Java'},29.0,618
spring-cloud-alibaba,alibaba,git@github.com:alibaba/spring-cloud-alibaba.git,27139,6,{'name': 'Java'},38.0,619
kafka,apache,git@github.com:apache/kafka.git,27086,12,{'name': 'Java'},,620
JCSprout,crossoverJie,git@github.com:crossoverJie/JCSprout.git,27073,6,{'name': 'Java'},,621
vhr,lenve,git@github.com:lenve/vhr.git,26885,6,{'name': 'Java'},,622
xxl-job,xuxueli,git@github.com:xuxueli/xxl-job.git,26298,8,{'name': 'Java'},32.0,623
miaosha,qiurunze123,git@github.com:qiurunze123/miaosha.git,26028,5,{'name': 'Java'},,624
fastjson,alibaba,git@github.com:alibaba/fastjson.git,25603,12,{'name': 'Java'},84.0,625
butterknife,JakeWharton,git@github.com:JakeWharton/butterknife.git,25580,11,{'name': 'Java'},,626
toBeTopJavaer,hollischuang,git@github.com:hollischuang/toBeTopJavaer.git,25130,5,{'name': 'Java'},,627
proxyee-down,proxyee-down-org,git@github.com:proxyee-down-org/proxyee-down.git,24985,6,{'name': 'Java'},49.0,628
incubator-seata,apache,git@github.com:apache/incubator-seata.git,24866,5,{'name': 'Java'},39.0,629
Signal-Android,signalapp,git@github.com:signalapp/Signal-Android.git,24795,12,{'name': 'Java'},,630
SmartRefreshLayout,scwang90,git@github.com:scwang90/SmartRefreshLayout.git,24643,6,{'name': 'Java'},12.0,631
EventBus,greenrobot,git@github.com:greenrobot/EventBus.git,24565,11,{'name': 'Java'},7.0,632
Hystrix,Netflix,git@github.com:Netflix/Hystrix.git,23842,11,{'name': 'Java'},79.0,633
Telegram,DrKLO,git@github.com:DrKLO/Telegram.git,23555,10,{'name': 'Java'},89.0,634
ruoyi-vue-pro,YunaiV,git@github.com:YunaiV/ruoyi-vue-pro.git,23222,3,{'name': 'Java'},24.0,635
skywalking,apache,git@github.com:apache/skywalking.git,23115,8,{'name': 'Java'},58.0,636
flink,apache,git@github.com:apache/flink.git,23015,9,{'name': 'Java'},,637
gson,google,git@github.com:google/gson.git,22893,9,{'name': 'Java'},6.0,638
libgdx,libgdx,git@github.com:libgdx/libgdx.git,22596,11,{'name': 'Java'},11.0,639
redisson,redisson,git@github.com:redisson/redisson.git,22562,10,{'name': 'Java'},144.0,640
jenkins,jenkinsci,git@github.com:jenkinsci/jenkins.git,22245,13,{'name': 'Java'},327.0,641
bazel,bazelbuild,git@github.com:bazelbuild/bazel.git,22184,9,{'name': 'Java'},137.0,642
Sentinel,alibaba,git@github.com:alibaba/Sentinel.git,21868,5,{'name': 'Java'},24.0,643
ExoPlayer,google,git@github.com:google/ExoPlayer.git,21417,9,{'name': 'Java'},28.0,644
Mindustry,Anuken,git@github.com:Anuken/Mindustry.git,20844,6,{'name': 'Java'},160.0,645
eladmin,elunez,git@github.com:elunez/eladmin.git,20705,5,{'name': 'Java'},1.0,646
rocketmq,apache,git@github.com:apache/rocketmq.git,20418,7,{'name': 'Java'},18.0,647
FizzBuzzEnterpriseEdition,EnterpriseQualityCoding,git@github.com:EnterpriseQualityCoding/FizzBuzzEnterpriseEdition.git,20356,11,{'name': 'Java'},,648
JavaGuide,Snailclimb,git@github.com:Snailclimb/JavaGuide.git,142029,5,{'name': 'Java'},,649
GitHub-Chinese-Top-Charts,GrowingGit,git@github.com:GrowingGit/GitHub-Chinese-Top-Charts.git,86694,4,{'name': 'Java'},,650
java-design-patterns,iluwatar,git@github.com:iluwatar/java-design-patterns.git,86133,9,{'name': 'Java'},,651
LeetCodeAnimation,MisterBooo,git@github.com:MisterBooo/LeetCodeAnimation.git,74856,5,{'name': 'Java'},,652
mall,macrozheng,git@github.com:macrozheng/mall.git,74843,5,{'name': 'Java'},3.0,653
advanced-java,doocs,git@github.com:doocs/advanced-java.git,73880,5,{'name': 'Java'},1.0,654
spring-boot,spring-projects,git@github.com:spring-projects/spring-boot.git,72280,11,{'name': 'Java'},269.0,655
hello-algo,krahets,git@github.com:krahets/hello-algo.git,71994,1,{'name': 'Java'},7.0,656
elasticsearch,elastic,git@github.com:elastic/elasticsearch.git,67155,14,{'name': 'Java'},138.0,657
interviews,kdn251,git@github.com:kdn251/interviews.git,61415,7,{'name': 'Java'},,658
Java,TheAlgorithms,git@github.com:TheAlgorithms/Java.git,56297,7,{'name': 'Java'},,659
spring-framework,spring-projects,git@github.com:spring-projects/spring-framework.git,54805,13,{'name': 'Java'},285.0,660
guava,google,git@github.com:google/guava.git,49237,9,{'name': 'Java'},43.0,661
RxJava,ReactiveX,git@github.com:ReactiveX/RxJava.git,47589,11,{'name': 'Java'},233.0,662
ghidra,NationalSecurityAgency,git@github.com:NationalSecurityAgency/ghidra.git,46922,5,{'name': 'Java'},33.0,663
dubbo,apache,git@github.com:apache/dubbo.git,39918,11,{'name': 'Java'},95.0,664
jadx,skylot,git@github.com:skylot/jadx.git,38561,11,{'name': 'Java'},28.0,665
jeecg-boot,jeecgboot,git@github.com:jeecgboot/jeecg-boot.git,37420,5,{'name': 'Java'},37.0,666
MPAndroidChart,PhilJay,git@github.com:PhilJay/MPAndroidChart.git,37184,9,{'name': 'Java'},44.0,667
dbeaver,dbeaver,git@github.com:dbeaver/dbeaver.git,36960,8,{'name': 'Java'},196.0,668
tutorials,eugenp,git@github.com:eugenp/tutorials.git,35814,10,{'name': 'Java'},,669
hello-algorithm,geekxh,git@github.com:geekxh/hello-algorithm.git,34619,3,{'name': 'Java'},,670
lottie-android,airbnb,git@github.com:airbnb/lottie-android.git,34612,7,{'name': 'Java'},49.0,671
arthas,alibaba,git@github.com:alibaba/arthas.git,34489,5,{'name': 'Java'},52.0,672
glide,bumptech,git@github.com:bumptech/glide.git,34286,10,{'name': 'Java'},47.0,673
AndroidUtilCode,Blankj,git@github.com:Blankj/AndroidUtilCode.git,32866,7,{'name': 'Java'},117.0,674
netty,netty,git@github.com:netty/netty.git,32624,13,{'name': 'Java'},,675
zxing,zxing,git@github.com:zxing/zxing.git,32124,12,{'name': 'Java'},31.0,676
spring-boot-demo,xkcoding,git@github.com:xkcoding/spring-boot-demo.git,31810,6,{'name': 'Java'},,677
halo,halo-dev,git@github.com:halo-dev/halo.git,31030,6,{'name': 'Java'},160.0,678
easyexcel,alibaba,git@github.com:alibaba/easyexcel.git,30707,6,{'name': 'Java'},10.0,679
termux-app,termux,git@github.com:termux/termux-app.git,29919,8,{'name': 'Java'},89.0,680
spring-boot-examples,ityouknow,git@github.com:ityouknow/spring-boot-examples.git,29849,7,{'name': 'Java'},,681
selenium,SeleniumHQ,git@github.com:SeleniumHQ/selenium.git,29085,11,{'name': 'Java'},91.0,682
nacos,alibaba,git@github.com:alibaba/nacos.git,28819,5,{'name': 'Java'},62.0,683
apollo,apolloconfig,git@github.com:apolloconfig/apollo.git,28719,8,{'name': 'Java'},39.0,684
leetcode,doocs,git@github.com:doocs/leetcode.git,28433,5,{'name': 'Java'},19.0,685
NewPipe,TeamNewPipe,git@github.com:TeamNewPipe/NewPipe.git,28176,8,{'name': 'Java'},128.0,686
hutool,dromara,git@github.com:dromara/hutool.git,28144,9,{'name': 'Java'},139.0,687
SpringAll,wuyouzhuguli,git@github.com:wuyouzhuguli/SpringAll.git,27668,5,{'name': 'Java'},,688
druid,alibaba,git@github.com:alibaba/druid.git,27586,12,{'name': 'Java'},50.0,689
canal,alibaba,git@github.com:alibaba/canal.git,27572,11,{'name': 'Java'},29.0,690
spring-cloud-alibaba,alibaba,git@github.com:alibaba/spring-cloud-alibaba.git,27139,6,{'name': 'Java'},38.0,691
kafka,apache,git@github.com:apache/kafka.git,27086,12,{'name': 'Java'},,692
JCSprout,crossoverJie,git@github.com:crossoverJie/JCSprout.git,27073,6,{'name': 'Java'},,693
vhr,lenve,git@github.com:lenve/vhr.git,26885,6,{'name': 'Java'},,694
xxl-job,xuxueli,git@github.com:xuxueli/xxl-job.git,26298,8,{'name': 'Java'},32.0,695
miaosha,qiurunze123,git@github.com:qiurunze123/miaosha.git,26028,5,{'name': 'Java'},,696
fastjson,alibaba,git@github.com:alibaba/fastjson.git,25603,12,{'name': 'Java'},84.0,697
butterknife,JakeWharton,git@github.com:JakeWharton/butterknife.git,25580,11,{'name': 'Java'},,698
toBeTopJavaer,hollischuang,git@github.com:hollischuang/toBeTopJavaer.git,25130,5,{'name': 'Java'},,699
proxyee-down,proxyee-down-org,git@github.com:proxyee-down-org/proxyee-down.git,24985,6,{'name': 'Java'},49.0,700
incubator-seata,apache,git@github.com:apache/incubator-seata.git,24866,5,{'name': 'Java'},39.0,701
Signal-Android,signalapp,git@github.com:signalapp/Signal-Android.git,24795,12,{'name': 'Java'},,702
SmartRefreshLayout,scwang90,git@github.com:scwang90/SmartRefreshLayout.git,24643,6,{'name': 'Java'},12.0,703
EventBus,greenrobot,git@github.com:greenrobot/EventBus.git,24565,11,{'name': 'Java'},7.0,704
Hystrix,Netflix,git@github.com:Netflix/Hystrix.git,23842,11,{'name': 'Java'},79.0,705
Telegram,DrKLO,git@github.com:DrKLO/Telegram.git,23555,10,{'name': 'Java'},89.0,706
ruoyi-vue-pro,YunaiV,git@github.com:YunaiV/ruoyi-vue-pro.git,23222,3,{'name': 'Java'},24.0,707
skywalking,apache,git@github.com:apache/skywalking.git,23115,8,{'name': 'Java'},58.0,708
flink,apache,git@github.com:apache/flink.git,23015,9,{'name': 'Java'},,709
gson,google,git@github.com:google/gson.git,22893,9,{'name': 'Java'},6.0,710
libgdx,libgdx,git@github.com:libgdx/libgdx.git,22596,11,{'name': 'Java'},11.0,711
redisson,redisson,git@github.com:redisson/redisson.git,22562,10,{'name': 'Java'},144.0,712
jenkins,jenkinsci,git@github.com:jenkinsci/jenkins.git,22245,13,{'name': 'Java'},327.0,713
bazel,bazelbuild,git@github.com:bazelbuild/bazel.git,22184,9,{'name': 'Java'},137.0,714
Sentinel,alibaba,git@github.com:alibaba/Sentinel.git,21868,5,{'name': 'Java'},24.0,715
ExoPlayer,google,git@github.com:google/ExoPlayer.git,21417,9,{'name': 'Java'},28.0,716
Mindustry,Anuken,git@github.com:Anuken/Mindustry.git,20844,6,{'name': 'Java'},160.0,717
eladmin,elunez,git@github.com:elunez/eladmin.git,20705,5,{'name': 'Java'},1.0,718
rocketmq,apache,git@github.com:apache/rocketmq.git,20418,7,{'name': 'Java'},18.0,719
FizzBuzzEnterpriseEdition,EnterpriseQualityCoding,git@github.com:EnterpriseQualityCoding/FizzBuzzEnterpriseEdition.git,20356,11,{'name': 'Java'},,720
JavaGuide,Snailclimb,git@github.com:Snailclimb/JavaGuide.git,142029,5,{'name': 'Java'},,721
GitHub-Chinese-Top-Charts,GrowingGit,git@github.com:GrowingGit/GitHub-Chinese-Top-Charts.git,86694,4,{'name': 'Java'},,722
java-design-patterns,iluwatar,git@github.com:iluwatar/java-design-patterns.git,86133,9,{'name': 'Java'},,723
LeetCodeAnimation,MisterBooo,git@github.com:MisterBooo/LeetCodeAnimation.git,74856,5,{'name': 'Java'},,724
mall,macrozheng,git@github.com:macrozheng/mall.git,74843,5,{'name': 'Java'},3.0,725
advanced-java,doocs,git@github.com:doocs/advanced-java.git,73880,5,{'name': 'Java'},1.0,726
spring-boot,spring-projects,git@github.com:spring-projects/spring-boot.git,72280,11,{'name': 'Java'},269.0,727
hello-algo,krahets,git@github.com:krahets/hello-algo.git,71994,1,{'name': 'Java'},7.0,728
elasticsearch,elastic,git@github.com:elastic/elasticsearch.git,67155,14,{'name': 'Java'},138.0,729
interviews,kdn251,git@github.com:kdn251/interviews.git,61415,7,{'name': 'Java'},,730
Java,TheAlgorithms,git@github.com:TheAlgorithms/Java.git,56297,7,{'name': 'Java'},,731
spring-framework,spring-projects,git@github.com:spring-projects/spring-framework.git,54805,13,{'name': 'Java'},285.0,732
guava,google,git@github.com:google/guava.git,49237,9,{'name': 'Java'},43.0,733
RxJava,ReactiveX,git@github.com:ReactiveX/RxJava.git,47589,11,{'name': 'Java'},233.0,734
ghidra,NationalSecurityAgency,git@github.com:NationalSecurityAgency/ghidra.git,46922,5,{'name': 'Java'},33.0,735
dubbo,apache,git@github.com:apache/dubbo.git,39918,11,{'name': 'Java'},95.0,736
jadx,skylot,git@github.com:skylot/jadx.git,38561,11,{'name': 'Java'},28.0,737
jeecg-boot,jeecgboot,git@github.com:jeecgboot/jeecg-boot.git,37420,5,{'name': 'Java'},37.0,738
MPAndroidChart,PhilJay,git@github.com:PhilJay/MPAndroidChart.git,37184,9,{'name': 'Java'},44.0,739
dbeaver,dbeaver,git@github.com:dbeaver/dbeaver.git,36960,8,{'name': 'Java'},196.0,740
tutorials,eugenp,git@github.com:eugenp/tutorials.git,35814,10,{'name': 'Java'},,741
hello-algorithm,geekxh,git@github.com:geekxh/hello-algorithm.git,34619,3,{'name': 'Java'},,742
lottie-android,airbnb,git@github.com:airbnb/lottie-android.git,34612,7,{'name': 'Java'},49.0,743
arthas,alibaba,git@github.com:alibaba/arthas.git,34489,5,{'name': 'Java'},52.0,744
glide,bumptech,git@github.com:bumptech/glide.git,34286,10,{'name': 'Java'},47.0,745
AndroidUtilCode,Blankj,git@github.com:Blankj/AndroidUtilCode.git,32866,7,{'name': 'Java'},117.0,746
netty,netty,git@github.com:netty/netty.git,32624,13,{'name': 'Java'},,747
zxing,zxing,git@github.com:zxing/zxing.git,32124,12,{'name': 'Java'},31.0,748
spring-boot-demo,xkcoding,git@github.com:xkcoding/spring-boot-demo.git,31810,6,{'name': 'Java'},,749
halo,halo-dev,git@github.com:halo-dev/halo.git,31030,6,{'name': 'Java'},160.0,750
easyexcel,alibaba,git@github.com:alibaba/easyexcel.git,30707,6,{'name': 'Java'},10.0,751
termux-app,termux,git@github.com:termux/termux-app.git,29919,8,{'name': 'Java'},89.0,752
spring-boot-examples,ityouknow,git@github.com:ityouknow/spring-boot-examples.git,29849,7,{'name': 'Java'},,753
selenium,SeleniumHQ,git@github.com:SeleniumHQ/selenium.git,29085,11,{'name': 'Java'},91.0,754
nacos,alibaba,git@github.com:alibaba/nacos.git,28819,5,{'name': 'Java'},62.0,755
apollo,apolloconfig,git@github.com:apolloconfig/apollo.git,28719,8,{'name': 'Java'},39.0,756
leetcode,doocs,git@github.com:doocs/leetcode.git,28433,5,{'name': 'Java'},19.0,757
NewPipe,TeamNewPipe,git@github.com:TeamNewPipe/NewPipe.git,28176,8,{'name': 'Java'},128.0,758
hutool,dromara,git@github.com:dromara/hutool.git,28144,9,{'name': 'Java'},139.0,759
SpringAll,wuyouzhuguli,git@github.com:wuyouzhuguli/SpringAll.git,27668,5,{'name': 'Java'},,760
druid,alibaba,git@github.com:alibaba/druid.git,27586,12,{'name': 'Java'},50.0,761
canal,alibaba,git@github.com:alibaba/canal.git,27572,11,{'name': 'Java'},29.0,762
spring-cloud-alibaba,alibaba,git@github.com:alibaba/spring-cloud-alibaba.git,27139,6,{'name': 'Java'},38.0,763
kafka,apache,git@github.com:apache/kafka.git,27086,12,{'name': 'Java'},,764
JCSprout,crossoverJie,git@github.com:crossoverJie/JCSprout.git,27073,6,{'name': 'Java'},,765
vhr,lenve,git@github.com:lenve/vhr.git,26885,6,{'name': 'Java'},,766
xxl-job,xuxueli,git@github.com:xuxueli/xxl-job.git,26298,8,{'name': 'Java'},32.0,767
miaosha,qiurunze123,git@github.com:qiurunze123/miaosha.git,26028,5,{'name': 'Java'},,768
fastjson,alibaba,git@github.com:alibaba/fastjson.git,25603,12,{'name': 'Java'},84.0,769
butterknife,JakeWharton,git@github.com:JakeWharton/butterknife.git,25580,11,{'name': 'Java'},,770
toBeTopJavaer,hollischuang,git@github.com:hollischuang/toBeTopJavaer.git,25130,5,{'name': 'Java'},,771
proxyee-down,proxyee-down-org,git@github.com:proxyee-down-org/proxyee-down.git,24985,6,{'name': 'Java'},49.0,772
incubator-seata,apache,git@github.com:apache/incubator-seata.git,24866,5,{'name': 'Java'},39.0,773
Signal-Android,signalapp,git@github.com:signalapp/Signal-Android.git,24795,12,{'name': 'Java'},,774
SmartRefreshLayout,scwang90,git@github.com:scwang90/SmartRefreshLayout.git,24643,6,{'name': 'Java'},12.0,775
EventBus,greenrobot,git@github.com:greenrobot/EventBus.git,24565,11,{'name': 'Java'},7.0,776
Hystrix,Netflix,git@github.com:Netflix/Hystrix.git,23842,11,{'name': 'Java'},79.0,777
Telegram,DrKLO,git@github.com:DrKLO/Telegram.git,23555,10,{'name': 'Java'},89.0,778
ruoyi-vue-pro,YunaiV,git@github.com:YunaiV/ruoyi-vue-pro.git,23222,3,{'name': 'Java'},24.0,779
skywalking,apache,git@github.com:apache/skywalking.git,23115,8,{'name': 'Java'},58.0,780
flink,apache,git@github.com:apache/flink.git,23015,9,{'name': 'Java'},,781
gson,google,git@github.com:google/gson.git,22893,9,{'name': 'Java'},6.0,782
libgdx,libgdx,git@github.com:libgdx/libgdx.git,22596,11,{'name': 'Java'},11.0,783
redisson,redisson,git@github.com:redisson/redisson.git,22562,10,{'name': 'Java'},144.0,784
jenkins,jenkinsci,git@github.com:jenkinsci/jenkins.git,22245,13,{'name': 'Java'},327.0,785
bazel,bazelbuild,git@github.com:bazelbuild/bazel.git,22184,9,{'name': 'Java'},137.0,786
Sentinel,alibaba,git@github.com:alibaba/Sentinel.git,21868,5,{'name': 'Java'},24.0,787
ExoPlayer,google,git@github.com:google/ExoPlayer.git,21417,9,{'name': 'Java'},28.0,788
Mindustry,Anuken,git@github.com:Anuken/Mindustry.git,20844,6,{'name': 'Java'},160.0,789
eladmin,elunez,git@github.com:elunez/eladmin.git,20705,5,{'name': 'Java'},1.0,790
rocketmq,apache,git@github.com:apache/rocketmq.git,20418,7,{'name': 'Java'},18.0,791
FizzBuzzEnterpriseEdition,EnterpriseQualityCoding,git@github.com:EnterpriseQualityCoding/FizzBuzzEnterpriseEdition.git,20356,11,{'name': 'Java'},,792
JavaGuide,Snailclimb,git@github.com:Snailclimb/JavaGuide.git,142029,5,{'name': 'Java'},,793
GitHub-Chinese-Top-Charts,GrowingGit,git@github.com:GrowingGit/GitHub-Chinese-Top-Charts.git,86694,4,{'name': 'Java'},,794
java-design-patterns,iluwatar,git@github.com:iluwatar/java-design-patterns.git,86133,9,{'name': 'Java'},,795
LeetCodeAnimation,MisterBooo,git@github.com:MisterBooo/LeetCodeAnimation.git,74856,5,{'name': 'Java'},,796
mall,macrozheng,git@github.com:macrozheng/mall.git,74843,5,{'name': 'Java'},3.0,797
advanced-java,doocs,git@github.com:doocs/advanced-java.git,73880,5,{'name': 'Java'},1.0,798
spring-boot,spring-projects,git@github.com:spring-projects/spring-boot.git,72280,11,{'name': 'Java'},269.0,799
hello-algo,krahets,git@github.com:krahets/hello-algo.git,71994,1,{'name': 'Java'},7.0,800
elasticsearch,elastic,git@github.com:elastic/elasticsearch.git,67155,14,{'name': 'Java'},138.0,801
interviews,kdn251,git@github.com:kdn251/interviews.git,61415,7,{'name': 'Java'},,802
Java,TheAlgorithms,git@github.com:TheAlgorithms/Java.git,56297,7,{'name': 'Java'},,803
spring-framework,spring-projects,git@github.com:spring-projects/spring-framework.git,54805,13,{'name': 'Java'},285.0,804
guava,google,git@github.com:google/guava.git,49237,9,{'name': 'Java'},43.0,805
RxJava,ReactiveX,git@github.com:ReactiveX/RxJava.git,47589,11,{'name': 'Java'},233.0,806
ghidra,NationalSecurityAgency,git@github.com:NationalSecurityAgency/ghidra.git,46922,5,{'name': 'Java'},33.0,807
dubbo,apache,git@github.com:apache/dubbo.git,39918,11,{'name': 'Java'},95.0,808
jadx,skylot,git@github.com:skylot/jadx.git,38561,11,{'name': 'Java'},28.0,809
jeecg-boot,jeecgboot,git@github.com:jeecgboot/jeecg-boot.git,37420,5,{'name': 'Java'},37.0,810
MPAndroidChart,PhilJay,git@github.com:PhilJay/MPAndroidChart.git,37184,9,{'name': 'Java'},44.0,811
dbeaver,dbeaver,git@github.com:dbeaver/dbeaver.git,36960,8,{'name': 'Java'},196.0,812
tutorials,eugenp,git@github.com:eugenp/tutorials.git,35814,10,{'name': 'Java'},,813
hello-algorithm,geekxh,git@github.com:geekxh/hello-algorithm.git,34619,3,{'name': 'Java'},,814
lottie-android,airbnb,git@github.com:airbnb/lottie-android.git,34612,7,{'name': 'Java'},49.0,815
arthas,alibaba,git@github.com:alibaba/arthas.git,34489,5,{'name': 'Java'},52.0,816
glide,bumptech,git@github.com:bumptech/glide.git,34286,10,{'name': 'Java'},47.0,817
AndroidUtilCode,Blankj,git@github.com:Blankj/AndroidUtilCode.git,32866,7,{'name': 'Java'},117.0,818
netty,netty,git@github.com:netty/netty.git,32624,13,{'name': 'Java'},,819
zxing,zxing,git@github.com:zxing/zxing.git,32124,12,{'name': 'Java'},31.0,820
spring-boot-demo,xkcoding,git@github.com:xkcoding/spring-boot-demo.git,31810,6,{'name': 'Java'},,821
halo,halo-dev,git@github.com:halo-dev/halo.git,31030,6,{'name': 'Java'},160.0,822
easyexcel,alibaba,git@github.com:alibaba/easyexcel.git,30707,6,{'name': 'Java'},10.0,823
termux-app,termux,git@github.com:termux/termux-app.git,29919,8,{'name': 'Java'},89.0,824
spring-boot-examples,ityouknow,git@github.com:ityouknow/spring-boot-examples.git,29849,7,{'name': 'Java'},,825
selenium,SeleniumHQ,git@github.com:SeleniumHQ/selenium.git,29085,11,{'name': 'Java'},91.0,826
nacos,alibaba,git@github.com:alibaba/nacos.git,28819,5,{'name': 'Java'},62.0,827
apollo,apolloconfig,git@github.com:apolloconfig/apollo.git,28719,8,{'name': 'Java'},39.0,828
leetcode,doocs,git@github.com:doocs/leetcode.git,28433,5,{'name': 'Java'},19.0,829
NewPipe,TeamNewPipe,git@github.com:TeamNewPipe/NewPipe.git,28176,8,{'name': 'Java'},128.0,830
hutool,dromara,git@github.com:dromara/hutool.git,28144,9,{'name': 'Java'},139.0,831
SpringAll,wuyouzhuguli,git@github.com:wuyouzhuguli/SpringAll.git,27668,5,{'name': 'Java'},,832
druid,alibaba,git@github.com:alibaba/druid.git,27586,12,{'name': 'Java'},50.0,833
canal,alibaba,git@github.com:alibaba/canal.git,27572,11,{'name': 'Java'},29.0,834
spring-cloud-alibaba,alibaba,git@github.com:alibaba/spring-cloud-alibaba.git,27139,6,{'name': 'Java'},38.0,835
kafka,apache,git@github.com:apache/kafka.git,27086,12,{'name': 'Java'},,836
JCSprout,crossoverJie,git@github.com:crossoverJie/JCSprout.git,27073,6,{'name': 'Java'},,837
vhr,lenve,git@github.com:lenve/vhr.git,26885,6,{'name': 'Java'},,838
xxl-job,xuxueli,git@github.com:xuxueli/xxl-job.git,26298,8,{'name': 'Java'},32.0,839
miaosha,qiurunze123,git@github.com:qiurunze123/miaosha.git,26028,5,{'name': 'Java'},,840
fastjson,alibaba,git@github.com:alibaba/fastjson.git,25603,12,{'name': 'Java'},84.0,841
butterknife,JakeWharton,git@github.com:JakeWharton/butterknife.git,25580,11,{'name': 'Java'},,842
toBeTopJavaer,hollischuang,git@github.com:hollischuang/toBeTopJavaer.git,25130,5,{'name': 'Java'},,843
proxyee-down,proxyee-down-org,git@github.com:proxyee-down-org/proxyee-down.git,24985,6,{'name': 'Java'},49.0,844
incubator-seata,apache,git@github.com:apache/incubator-seata.git,24866,5,{'name': 'Java'},39.0,845
Signal-Android,signalapp,git@github.com:signalapp/Signal-Android.git,24795,12,{'name': 'Java'},,846
SmartRefreshLayout,scwang90,git@github.com:scwang90/SmartRefreshLayout.git,24643,6,{'name': 'Java'},12.0,847
EventBus,greenrobot,git@github.com:greenrobot/EventBus.git,24565,11,{'name': 'Java'},7.0,848
Hystrix,Netflix,git@github.com:Netflix/Hystrix.git,23842,11,{'name': 'Java'},79.0,849
Telegram,DrKLO,git@github.com:DrKLO/Telegram.git,23555,10,{'name': 'Java'},89.0,850
ruoyi-vue-pro,YunaiV,git@github.com:YunaiV/ruoyi-vue-pro.git,23222,3,{'name': 'Java'},24.0,851
skywalking,apache,git@github.com:apache/skywalking.git,23115,8,{'name': 'Java'},58.0,852
flink,apache,git@github.com:apache/flink.git,23015,9,{'name': 'Java'},,853
gson,google,git@github.com:google/gson.git,22893,9,{'name': 'Java'},6.0,854
libgdx,libgdx,git@github.com:libgdx/libgdx.git,22596,11,{'name': 'Java'},11.0,855
redisson,redisson,git@github.com:redisson/redisson.git,22562,10,{'name': 'Java'},144.0,856
jenkins,jenkinsci,git@github.com:jenkinsci/jenkins.git,22245,13,{'name': 'Java'},327.0,857
bazel,bazelbuild,git@github.com:bazelbuild/bazel.git,22184,9,{'name': 'Java'},137.0,858
Sentinel,alibaba,git@github.com:alibaba/Sentinel.git,21868,5,{'name': 'Java'},24.0,859
ExoPlayer,google,git@github.com:google/ExoPlayer.git,21417,9,{'name': 'Java'},28.0,860
Mindustry,Anuken,git@github.com:Anuken/Mindustry.git,20844,6,{'name': 'Java'},160.0,861
eladmin,elunez,git@github.com:elunez/eladmin.git,20705,5,{'name': 'Java'},1.0,862
rocketmq,apache,git@github.com:apache/rocketmq.git,20418,7,{'name': 'Java'},18.0,863
FizzBuzzEnterpriseEdition,EnterpriseQualityCoding,git@github.com:EnterpriseQualityCoding/FizzBuzzEnterpriseEdition.git,20356,11,{'name': 'Java'},,864
JavaGuide,Snailclimb,git@github.com:Snailclimb/JavaGuide.git,142029,5,{'name': 'Java'},,865
GitHub-Chinese-Top-Charts,GrowingGit,git@github.com:GrowingGit/GitHub-Chinese-Top-Charts.git,86694,4,{'name': 'Java'},,866
java-design-patterns,iluwatar,git@github.com:iluwatar/java-design-patterns.git,86133,9,{'name': 'Java'},,867
LeetCodeAnimation,MisterBooo,git@github.com:MisterBooo/LeetCodeAnimation.git,74856,5,{'name': 'Java'},,868
mall,macrozheng,git@github.com:macrozheng/mall.git,74843,5,{'name': 'Java'},3.0,869
advanced-java,doocs,git@github.com:doocs/advanced-java.git,73880,5,{'name': 'Java'},1.0,870
spring-boot,spring-projects,git@github.com:spring-projects/spring-boot.git,72280,11,{'name': 'Java'},269.0,871
hello-algo,krahets,git@github.com:krahets/hello-algo.git,71994,1,{'name': 'Java'},7.0,872
elasticsearch,elastic,git@github.com:elastic/elasticsearch.git,67155,14,{'name': 'Java'},138.0,873
interviews,kdn251,git@github.com:kdn251/interviews.git,61415,7,{'name': 'Java'},,874
Java,TheAlgorithms,git@github.com:TheAlgorithms/Java.git,56297,7,{'name': 'Java'},,875
spring-framework,spring-projects,git@github.com:spring-projects/spring-framework.git,54805,13,{'name': 'Java'},285.0,876
guava,google,git@github.com:google/guava.git,49237,9,{'name': 'Java'},43.0,877
RxJava,ReactiveX,git@github.com:ReactiveX/RxJava.git,47589,11,{'name': 'Java'},233.0,878
ghidra,NationalSecurityAgency,git@github.com:NationalSecurityAgency/ghidra.git,46922,5,{'name': 'Java'},33.0,879
dubbo,apache,git@github.com:apache/dubbo.git,39918,11,{'name': 'Java'},95.0,880
jadx,skylot,git@github.com:skylot/jadx.git,38561,11,{'name': 'Java'},28.0,881
jeecg-boot,jeecgboot,git@github.com:jeecgboot/jeecg-boot.git,37420,5,{'name': 'Java'},37.0,882
MPAndroidChart,PhilJay,git@github.com:PhilJay/MPAndroidChart.git,37184,9,{'name': 'Java'},44.0,883
dbeaver,dbeaver,git@github.com:dbeaver/dbeaver.git,36960,8,{'name': 'Java'},196.0,884
tutorials,eugenp,git@github.com:eugenp/tutorials.git,35814,10,{'name': 'Java'},,885
hello-algorithm,geekxh,git@github.com:geekxh/hello-algorithm.git,34619,3,{'name': 'Java'},,886
lottie-android,airbnb,git@github.com:airbnb/lottie-android.git,34612,7,{'name': 'Java'},49.0,887
arthas,alibaba,git@github.com:alibaba/arthas.git,34489,5,{'name': 'Java'},52.0,888
glide,bumptech,git@github.com:bumptech/glide.git,34286,10,{'name': 'Java'},47.0,889
AndroidUtilCode,Blankj,git@github.com:Blankj/AndroidUtilCode.git,32866,7,{'name': 'Java'},117.0,890
netty,netty,git@github.com:netty/netty.git,32624,13,{'name': 'Java'},,891
zxing,zxing,git@github.com:zxing/zxing.git,32124,12,{'name': 'Java'},31.0,892
spring-boot-demo,xkcoding,git@github.com:xkcoding/spring-boot-demo.git,31810,6,{'name': 'Java'},,893
halo,halo-dev,git@github.com:halo-dev/halo.git,31030,6,{'name': 'Java'},160.0,894
easyexcel,alibaba,git@github.com:alibaba/easyexcel.git,30707,6,{'name': 'Java'},10.0,895
termux-app,termux,git@github.com:termux/termux-app.git,29919,8,{'name': 'Java'},89.0,896
spring-boot-examples,ityouknow,git@github.com:ityouknow/spring-boot-examples.git,29849,7,{'name': 'Java'},,897
selenium,SeleniumHQ,git@github.com:SeleniumHQ/selenium.git,29085,11,{'name': 'Java'},91.0,898
nacos,alibaba,git@github.com:alibaba/nacos.git,28819,5,{'name': 'Java'},62.0,899
apollo,apolloconfig,git@github.com:apolloconfig/apollo.git,28719,8,{'name': 'Java'},39.0,900
leetcode,doocs,git@github.com:doocs/leetcode.git,28433,5,{'name': 'Java'},19.0,901
NewPipe,TeamNewPipe,git@github.com:TeamNewPipe/NewPipe.git,28176,8,{'name': 'Java'},128.0,902
hutool,dromara,git@github.com:dromara/hutool.git,28144,9,{'name': 'Java'},139.0,903
SpringAll,wuyouzhuguli,git@github.com:wuyouzhuguli/SpringAll.git,27668,5,{'name': 'Java'},,904
druid,alibaba,git@github.com:alibaba/druid.git,27586,12,{'name': 'Java'},50.0,905
canal,alibaba,git@github.com:alibaba/canal.git,27572,11,{'name': 'Java'},29.0,906
spring-cloud-alibaba,alibaba,git@github.com:alibaba/spring-cloud-alibaba.git,27139,6,{'name': 'Java'},38.0,907
kafka,apache,git@github.com:apache/kafka.git,27086,12,{'name': 'Java'},,908
JCSprout,crossoverJie,git@github.com:crossoverJie/JCSprout.git,27073,6,{'name': 'Java'},,909
vhr,lenve,git@github.com:lenve/vhr.git,26885,6,{'name': 'Java'},,910
xxl-job,xuxueli,git@github.com:xuxueli/xxl-job.git,26298,8,{'name': 'Java'},32.0,911
miaosha,qiurunze123,git@github.com:qiurunze123/miaosha.git,26028,5,{'name': 'Java'},,912
fastjson,alibaba,git@github.com:alibaba/fastjson.git,25603,12,{'name': 'Java'},84.0,913
butterknife,JakeWharton,git@github.com:JakeWharton/butterknife.git,25580,11,{'name': 'Java'},,914
toBeTopJavaer,hollischuang,git@github.com:hollischuang/toBeTopJavaer.git,25130,5,{'name': 'Java'},,915
proxyee-down,proxyee-down-org,git@github.com:proxyee-down-org/proxyee-down.git,24985,6,{'name': 'Java'},49.0,916
incubator-seata,apache,git@github.com:apache/incubator-seata.git,24866,5,{'name': 'Java'},39.0,917
Signal-Android,signalapp,git@github.com:signalapp/Signal-Android.git,24795,12,{'name': 'Java'},,918
SmartRefreshLayout,scwang90,git@github.com:scwang90/SmartRefreshLayout.git,24643,6,{'name': 'Java'},12.0,919
EventBus,greenrobot,git@github.com:greenrobot/EventBus.git,24565,11,{'name': 'Java'},7.0,920
Hystrix,Netflix,git@github.com:Netflix/Hystrix.git,23842,11,{'name': 'Java'},79.0,921
Telegram,DrKLO,git@github.com:DrKLO/Telegram.git,23555,10,{'name': 'Java'},89.0,922
ruoyi-vue-pro,YunaiV,git@github.com:YunaiV/ruoyi-vue-pro.git,23222,3,{'name': 'Java'},24.0,923
skywalking,apache,git@github.com:apache/skywalking.git,23115,8,{'name': 'Java'},58.0,924
flink,apache,git@github.com:apache/flink.git,23015,9,{'name': 'Java'},,925
gson,google,git@github.com:google/gson.git,22893,9,{'name': 'Java'},6.0,926
libgdx,libgdx,git@github.com:libgdx/libgdx.git,22596,11,{'name': 'Java'},11.0,927
redisson,redisson,git@github.com:redisson/redisson.git,22562,10,{'name': 'Java'},144.0,928
jenkins,jenkinsci,git@github.com:jenkinsci/jenkins.git,22245,13,{'name': 'Java'},327.0,929
bazel,bazelbuild,git@github.com:bazelbuild/bazel.git,22184,9,{'name': 'Java'},137.0,930
Sentinel,alibaba,git@github.com:alibaba/Sentinel.git,21868,5,{'name': 'Java'},24.0,931
ExoPlayer,google,git@github.com:google/ExoPlayer.git,21417,9,{'name': 'Java'},28.0,932
Mindustry,Anuken,git@github.com:Anuken/Mindustry.git,20844,6,{'name': 'Java'},160.0,933
eladmin,elunez,git@github.com:elunez/eladmin.git,20705,5,{'name': 'Java'},1.0,934
rocketmq,apache,git@github.com:apache/rocketmq.git,20418,7,{'name': 'Java'},18.0,935
FizzBuzzEnterpriseEdition,EnterpriseQualityCoding,git@github.com:EnterpriseQualityCoding/FizzBuzzEnterpriseEdition.git,20356,11,{'name': 'Java'},,936
JavaGuide,Snailclimb,git@github.com:Snailclimb/JavaGuide.git,142029,5,{'name': 'Java'},,937
GitHub-Chinese-Top-Charts,GrowingGit,git@github.com:GrowingGit/GitHub-Chinese-Top-Charts.git,86694,4,{'name': 'Java'},,938
java-design-patterns,iluwatar,git@github.com:iluwatar/java-design-patterns.git,86133,9,{'name': 'Java'},,939
LeetCodeAnimation,MisterBooo,git@github.com:MisterBooo/LeetCodeAnimation.git,74856,5,{'name': 'Java'},,940
mall,macrozheng,git@github.com:macrozheng/mall.git,74843,5,{'name': 'Java'},3.0,941
advanced-java,doocs,git@github.com:doocs/advanced-java.git,73880,5,{'name': 'Java'},1.0,942
spring-boot,spring-projects,git@github.com:spring-projects/spring-boot.git,72280,11,{'name': 'Java'},269.0,943
hello-algo,krahets,git@github.com:krahets/hello-algo.git,71994,1,{'name': 'Java'},7.0,944
elasticsearch,elastic,git@github.com:elastic/elasticsearch.git,67155,14,{'name': 'Java'},138.0,945
interviews,kdn251,git@github.com:kdn251/interviews.git,61415,7,{'name': 'Java'},,946
Java,TheAlgorithms,git@github.com:TheAlgorithms/Java.git,56297,7,{'name': 'Java'},,947
spring-framework,spring-projects,git@github.com:spring-projects/spring-framework.git,54805,13,{'name': 'Java'},285.0,948
guava,google,git@github.com:google/guava.git,49237,9,{'name': 'Java'},43.0,949
RxJava,ReactiveX,git@github.com:ReactiveX/RxJava.git,47589,11,{'name': 'Java'},233.0,950
ghidra,NationalSecurityAgency,git@github.com:NationalSecurityAgency/ghidra.git,46922,5,{'name': 'Java'},33.0,951
dubbo,apache,git@github.com:apache/dubbo.git,39918,11,{'name': 'Java'},95.0,952
jadx,skylot,git@github.com:skylot/jadx.git,38561,11,{'name': 'Java'},28.0,953
jeecg-boot,jeecgboot,git@github.com:jeecgboot/jeecg-boot.git,37420,5,{'name': 'Java'},37.0,954
MPAndroidChart,PhilJay,git@github.com:PhilJay/MPAndroidChart.git,37184,9,{'name': 'Java'},44.0,955
dbeaver,dbeaver,git@github.com:dbeaver/dbeaver.git,36960,8,{'name': 'Java'},196.0,956
tutorials,eugenp,git@github.com:eugenp/tutorials.git,35814,10,{'name': 'Java'},,957
hello-algorithm,geekxh,git@github.com:geekxh/hello-algorithm.git,34619,3,{'name': 'Java'},,958
lottie-android,airbnb,git@github.com:airbnb/lottie-android.git,34612,7,{'name': 'Java'},49.0,959
arthas,alibaba,git@github.com:alibaba/arthas.git,34489,5,{'name': 'Java'},52.0,960
glide,bumptech,git@github.com:bumptech/glide.git,34286,10,{'name': 'Java'},47.0,961
AndroidUtilCode,Blankj,git@github.com:Blankj/AndroidUtilCode.git,32866,7,{'name': 'Java'},117.0,962
netty,netty,git@github.com:netty/netty.git,32624,13,{'name': 'Java'},,963
zxing,zxing,git@github.com:zxing/zxing.git,32124,12,{'name': 'Java'},31.0,964
spring-boot-demo,xkcoding,git@github.com:xkcoding/spring-boot-demo.git,31810,6,{'name': 'Java'},,965
halo,halo-dev,git@github.com:halo-dev/halo.git,31030,6,{'name': 'Java'},160.0,966
easyexcel,alibaba,git@github.com:alibaba/easyexcel.git,30707,6,{'name': 'Java'},10.0,967
termux-app,termux,git@github.com:termux/termux-app.git,29919,8,{'name': 'Java'},89.0,968
spring-boot-examples,ityouknow,git@github.com:ityouknow/spring-boot-examples.git,29849,7,{'name': 'Java'},,969
selenium,SeleniumHQ,git@github.com:SeleniumHQ/selenium.git,29085,11,{'name': 'Java'},91.0,970
nacos,alibaba,git@github.com:alibaba/nacos.git,28819,5,{'name': 'Java'},62.0,971
apollo,apolloconfig,git@github.com:apolloconfig/apollo.git,28719,8,{'name': 'Java'},39.0,972
leetcode,doocs,git@github.com:doocs/leetcode.git,28433,5,{'name': 'Java'},19.0,973
NewPipe,TeamNewPipe,git@github.com:TeamNewPipe/NewPipe.git,28176,8,{'name': 'Java'},128.0,974
hutool,dromara,git@github.com:dromara/hutool.git,28144,9,{'name': 'Java'},139.0,975
SpringAll,wuyouzhuguli,git@github.com:wuyouzhuguli/SpringAll.git,27668,5,{'name': 'Java'},,976
druid,alibaba,git@github.com:alibaba/druid.git,27586,12,{'name': 'Java'},50.0,977
canal,alibaba,git@github.com:alibaba/canal.git,27572,11,{'name': 'Java'},29.0,978
spring-cloud-alibaba,alibaba,git@github.com:alibaba/spring-cloud-alibaba.git,27139,6,{'name': 'Java'},38.0,979
kafka,apache,git@github.com:apache/kafka.git,27086,12,{'name': 'Java'},,980
JCSprout,crossoverJie,git@github.com:crossoverJie/JCSprout.git,27073,6,{'name': 'Java'},,981
vhr,lenve,git@github.com:lenve/vhr.git,26885,6,{'name': 'Java'},,982
xxl-job,xuxueli,git@github.com:xuxueli/xxl-job.git,26298,8,{'name': 'Java'},32.0,983
miaosha,qiurunze123,git@github.com:qiurunze123/miaosha.git,26028,5,{'name': 'Java'},,984
fastjson,alibaba,git@github.com:alibaba/fastjson.git,25603,12,{'name': 'Java'},84.0,985
butterknife,JakeWharton,git@github.com:JakeWharton/butterknife.git,25580,11,{'name': 'Java'},,986
toBeTopJavaer,hollischuang,git@github.com:hollischuang/toBeTopJavaer.git,25130,5,{'name': 'Java'},,987
proxyee-down,proxyee-down-org,git@github.com:proxyee-down-org/proxyee-down.git,24985,6,{'name': 'Java'},49.0,988
incubator-seata,apache,git@github.com:apache/incubator-seata.git,24866,5,{'name': 'Java'},39.0,989
Signal-Android,signalapp,git@github.com:signalapp/Signal-Android.git,24795,12,{'name': 'Java'},,990
SmartRefreshLayout,scwang90,git@github.com:scwang90/SmartRefreshLayout.git,24643,6,{'name': 'Java'},12.0,991
EventBus,greenrobot,git@github.com:greenrobot/EventBus.git,24565,11,{'name': 'Java'},7.0,992
Hystrix,Netflix,git@github.com:Netflix/Hystrix.git,23842,11,{'name': 'Java'},79.0,993
Telegram,DrKLO,git@github.com:DrKLO/Telegram.git,23555,10,{'name': 'Java'},89.0,994
ruoyi-vue-pro,YunaiV,git@github.com:YunaiV/ruoyi-vue-pro.git,23222,3,{'name': 'Java'},24.0,995
skywalking,apache,git@github.com:apache/skywalking.git,23115,8,{'name': 'Java'},58.0,996
flink,apache,git@github.com:apache/flink.git,23015,9,{'name': 'Java'},,997
gson,google,git@github.com:google/gson.git,22893,9,{'name': 'Java'},6.0,998
libgdx,libgdx,git@github.com:libgdx/libgdx.git,22596,11,{'name': 'Java'},11.0,999
redisson,redisson,git@github.com:redisson/redisson.git,22562,10,{'name': 'Java'},144.0,1000
jenkins,jenkinsci,git@github.com:jenkinsci/jenkins.git,22245,13,{'name': 'Java'},327.0,1001
bazel,bazelbuild,git@github.com:bazelbuild/bazel.git,22184,9,{'name': 'Java'},137.0,1002
Sentinel,alibaba,git@github.com:alibaba/Sentinel.git,21868,5,{'name': 'Java'},24.0,1003
ExoPlayer,google,git@github.com:google/ExoPlayer.git,21417,9,{'name': 'Java'},28.0,1004
Mindustry,Anuken,git@github.com:Anuken/Mindustry.git,20844,6,{'name': 'Java'},160.0,1005
eladmin,elunez,git@github.com:elunez/eladmin.git,20705,5,{'name': 'Java'},1.0,1006
rocketmq,apache,git@github.com:apache/rocketmq.git,20418,7,{'name': 'Java'},18.0,1007
FizzBuzzEnterpriseEdition,EnterpriseQualityCoding,git@github.com:EnterpriseQualityCoding/FizzBuzzEnterpriseEdition.git,20356,11,{'name': 'Java'},,1008
